call_va,target_va
0x004C3E8F,0x0119F760
0x005486B4,0x0119F760
0x0057BBB9,0x0119F760
0x00582974,0x0119F760
0x005829EF,0x0119F760
0x005A6901,0x0119F760
0x005D2E67,0x0119F760
0x005D6F37,0x0119F760
0x005E1020,0x0119F760
0x005F0973,0x0119F760
0x005F141F,0x0119F760
0x005FB729,0x0119F760
0x005FB7F2,0x0119F760
0x005FB94A,0x0119F760
0x005FBB26,0x0119F760
0x005FBCDC,0x0119F760
0x00635120,0x0119F760
0x009CB60F,0x0046D230
0x00A398DA,0x00A3E260
0x00A39A91,0x00A3E260
0x00A512EA,0x00A50BB0
0x00A51E73,0x00A50BB0
0x00B6AC10,0x0119F760
0x00B76327,0x0119F760
0x00B76C5C,0x0119F760
0x00B80F1C,0x0046D230
0x00B80F80,0x0046D230
0x00B85F6C,0x0046D230
0x00B8601F,0x0046D230
0x00BB5247,0x0119F760
0x00BB9173,0x00BB9150
0x00BB91B8,0x00BB9150
0x00BB91E4,0x00BB9150
0x00BB9233,0x00BB9210
0x00BB92A8,0x00BB9210
0x00BB92D4,0x00BB9210
0x00BB92F7,0x00BB9210
0x00BB9321,0x00BB9210
0x00BB93A1,0x00BB9210
0x00BC09D4,0x00BB9210
0x00BC0A0C,0x00BB9210
0x00BC4835,0x00BC4140
0x00BC4A53,0x00BC4160
0x00BC545B,0x00BB9210
0x00BC54A1,0x00BB9210
0x00BC59C2,0x00BB9210
0x00BC5AB5,0x00BB9210
0x00BC82CD,0x00BC5410
0x00BCC6DF,0x00BB9210
0x00BCC712,0x00BB9210
0x00BCC79B,0x00BB9210
0x00BCCE54,0x00BB9210
0x00BCCE7F,0x00BB9210
0x00BCD37C,0x00BB9210
0x00BCD947,0x00BB9210
0x00BCDA54,0x00BB9210
0x00BCE330,0x00BB9210
0x00BCF000,0x00BB9210
0x00BCF166,0x00BB9210
0x00C346E0,0x00C17130
0x00CA77B3,0x00C16E60
0x00CA77BE,0x00C16EB0
0x00CA77CD,0x00C16DC0
0x00CA77DC,0x00C16E10
0x00CA79AC,0x00C17130
0x00CADE7A,0x00C16DC0
0x00CADE89,0x00C16FA0
0x00CADE99,0x00C16FA0
0x00CAF019,0x00CAEDE0
0x00CAF1CA,0x00CAEDE0
0x00CAF80C,0x00C16E60
0x00CAF81D,0x00C16FA0
0x00CAF8EB,0x00CAEDE0
0x00CAFA3F,0x00C16FA0
0x00CAFA4E,0x00C16FA0
0x00CAFB2D,0x00C16FA0
0x00CB0B43,0x00CB0AB0
0x00CB0FD0,0x00CB0AB0
0x00CB146C,0x00C16E60
0x00CB147D,0x00C16FA0
0x00CB155B,0x00CB0AB0
0x00CB1657,0x00C16EB0
0x00CB166A,0x00C16FA0
0x00CB237D,0x00C16E60
0x00CB2390,0x00C16FA0
0x00CB310F,0x00C170E0
0x00CB311E,0x00C170E0
0x00CB39C5,0x00CB3980
0x00CB3B24,0x00CB3980
0x00CB3F2C,0x00C16E60
0x00CB3F3D,0x00C16FA0
0x00CB400B,0x00CB3980
0x00CB40DF,0x00C16FA0
0x00CB40EE,0x00C16FA0
0x00CB456A,0x00C16FA0
0x00CB48BD,0x00C16E60
0x00CB48D0,0x00C16FA0
0x00CB502F,0x00C16FA0
0x00CB503E,0x00C16FA0
0x00CB510B,0x00C16FA0
0x00CB5A4F,0x00C16FA0
0x00CB5A5E,0x00C16FA0
0x00CB5B2B,0x00C16FA0
0x00CBAE9F,0x00C16FA0
0x00CBAEAE,0x00C16FA0
0x00D17F81,0x0119F760
0x00D195D0,0x0119F760
0x00D196FE,0x0119F760
0x00D317A3,0x00D30C20
0x00D31AD7,0x00D30C20
0x00D32BD6,0x0119F760
0x00D32D9B,0x0119F760
0x00D9898F,0x0119F760
0x00D9A7D5,0x0119F760
0x00F48B9D,0x0119F760
0x00FEE252,0x0119F760
0x01002B03,0x0119F760
0x01002CBD,0x0119F760
0x01002D77,0x0119F760
0x01002FA7,0x0119F760
0x010030F4,0x0119F760
0x0100318F,0x0119F760
0x01003796,0x0119F760
0x010038B8,0x0119F760
0x010063C7,0x0119F760
0x010066FA,0x0119F760
0x0100D696,0x0119F760
0x0100E5E8,0x0119F760
0x01050E9F,0x0119F760
0x010A718F,0x0119F760
0x010B4A4F,0x0119F760
0x010C2C48,0x0119F760
0x01147349,0x0119F760
0x01148698,0x0119F760
0x0114AA6F,0x0119F760
0x011524F1,0x0119F760
0x0115C488,0x0119F760
0x0116EF41,0x0119F760
0x0116F141,0x0119F760
0x01187071,0x0119F760
0x0118D3A1,0x0119F760
0x011A5B87,0x0119F760
0x011B318F,0x0119F760
0x011C72C3,0x0119F760
0x011C7893,0x0119F760
0x011D905E,0x0119F760
0x011E88ED,0x0119F760
0x011E8985,0x0119F760
0x011E8A66,0x0119F760
0x011E8C3B,0x0119F760
0x011E960C,0x0119F760
0x011F8140,0x0119F760
0x011F83D8,0x0119F760
0x011F957F,0x0119F760
0x011FA13F,0x0119F760
0x011FCEF2,0x0119F760
0x011FD0B4,0x0119F760
0x011FD1EB,0x0119F760
0x011FD247,0x0119F760
0x011FD563,0x0119F760
0x01237ECF,0x0119F760
0x01237F8C,0x0119F760
0x01239F45,0x0119F760
0x01239FA9,0x0119F760
0x0124DA24,0x0119F760
0x0124DC0D,0x0119F760
0x0124DF9D,0x0119F760
0x0127F7A8,0x00BB9210
0x0127F7D3,0x00BB9210
0x01280049,0x00BB9210
0x0128007F,0x00BB9210
0x0128056E,0x00BB9210
0x012805A2,0x00BB9210
