symbol,kind,parameters,size,sha256
FUN_00432AF0,STORE,28,14,c91b756d5ec6b17a8388974b7ded2a623c64ab73ac27a7c51ab7181a5f326dd0
FUN_004516D0,DUPLICATE,24;44,19,8f17ffcd103bee0a9314c9ed5355acf753ecde0546353be3dcf4b8b813f7652b
FUN_004791B0,STORE,248,17,d0ed9aab34c26fde510b1d30a2422e13133566ed04809d0f4818c98569bbb049
FUN_00484B10,STORE,44,14,f90bb000dec739781e3ee6f1d438e1768336c94f4ee65a9c14524bca07aa8735
FUN_004ACF30,STORE_FLAG,108;112;1,18,7b1328ff8c93db32adc8181cfd9305fd95ea0c7f876c4933f2a0613b44970620
FUN_004C5A60,STORE,40,14,d99de0c8c50a14bacd43ea7f86670b8c23e5bee8b258dad21aac5e7685b0a3ab
FUN_004FBFC0,STORE,160,17,95e666bbfdbbf37a9e290d1bb6c5e24617390d75ef320d7da78b54b48f82eff7
FUN_00533FD0,STORE,228,17,da1f2dc53592926f014387a4a6bc34c054713b6b69b58789751f0f16b1e523de
FUN_00533FF0,STORE,232,17,12ea1b9348170bb632f073a1e31b3a73daf5275d48c7d95f4b60dc4f2266c983
FUN_00534010,STORE,236,17,37e2b39677491a1327ade8f9ee647bfc5b8bbe893b80168c53a326e2a598e557
FUN_0058EE80,STORE,8,14,6c0352f55a80fddea2e99230b9b2f6f63fcb3302251c8b2cd81c0e8556dd0e27
FUN_0064A6A0,INDIRECT,100;60,17,5add3a0a6e7d9963e8325c1f6b7bdd0dea89306be4d6810ee1ff9a7a155d09cf
FUN_0064A7B0,INDIRECT,108;60,17,0cb21296a5d7347b9fe090b6659b868a8cbe7bf08b9e5d9662f4b69b5c22dfeb
FUN_006505B0,STORE,4612,17,64000b14f4cd93dcf5a1280c500100513939067c3c90050e845e2bb882fc76da
FUN_006505F0,STORE,4660,17,4451f049541d8e9654d89d4ed599669c14ce882a00b84b75310e1d55c70c9c9e
FUN_00650820,DUPLICATE,4608;4604,25,ce353a6ec1bbc88a82ea301cd094b9370699a70c752c4a9a4eccb4652e7c05b2
FUN_00661B40,STORE,348,17,1822d3ec2a3dd941654a64ab90b5ea2d77617f5c44d5ed197d885b710c56e36e
FUN_00670B30,STORE,544,17,f5fcd3d4b8de328decb04dfddeb254ab850c3eb24cfbcda042c9d3c7db5c2e2b
FUN_00670B60,STORE,564,17,e4a7db406808729c98ed9ff7c4789e4958350646dbd83140656ec8d0711861ff
FUN_00670B90,STORE,568,17,d652d4f34ae32e62da4b539441bb0f3472f8db0463debeffda28d6f529eb502b
FUN_00680090,STORE,24,14,8fb0791b8b65a92e120d7207d0bd19bfbccff2241768d40b62318bda7761b33e
FUN_00687990,STORE,7960,17,c5954b587743302c25dc11de80174bf63c4e99294ed745db5695fae421e338f8
FUN_00687A10,STORE,7968,17,c0393afdebffc5a8b5e15221a577ffc0ab932dff4eb4d604d6bc177195853fcb
FUN_00687A30,STORE,7972,17,0fd0e9a4d326b4abc0b843fa6650ccdc6b7e37766bf5a0e398de7652c4ade7d2
FUN_00688660,DUP_ZERO,8232;8228;8236,36,8ba3cc1a3c8a52a15102f42408dfaa3032a6fa52d1d155648cbf98cdb5ae1b22
FUN_0068E460,STORE,156,17,1e71d9a50ec36a1ffde607c40a270574adb9e75a881b2a23d79d8afac6ee7824
FUN_006AF800,DUP_ZERO,8268;8264;8272,36,69ff91c26f0e5e8d64e7db604810b06b56a4bb0b7e7a5375e966318e95877383
FUN_006F0A30,STORE,148,17,4d149b650d043363de3d062cb7ecf1073c69f3385cc8931bb9febbb558fc3fd0
FUN_006F0A50,STORE,152,17,4256b769a1653fa8451fb60951148a555ae562cc436336dd2a4603cd116428de
FUN_00707260,DUP_ZERO,8232;8228;8236,36,8ba3cc1a3c8a52a15102f42408dfaa3032a6fa52d1d155648cbf98cdb5ae1b22
FUN_00768370,DUP_ZERO,8236;8232;8240,36,cee30ccbf89ad5913d1f42599d184f936d8048ac7fb4b469f86132b200340e31
FUN_00771AC0,DUP_ZERO,8236;8232;8240,36,cee30ccbf89ad5913d1f42599d184f936d8048ac7fb4b469f86132b200340e31
FUN_007A2010,INDIRECT,688;7204,23,64bea7c4e6e313b55136646fc841312d3c0ac1ef9a9f4f5260506ca64e11c01e
FUN_007C25D0,INDIRECT,688;7204,23,64bea7c4e6e313b55136646fc841312d3c0ac1ef9a9f4f5260506ca64e11c01e
FUN_007C9320,INDIRECT,688;7204,23,64bea7c4e6e313b55136646fc841312d3c0ac1ef9a9f4f5260506ca64e11c01e
FUN_00801F70,INDIRECT,688;7204,23,64bea7c4e6e313b55136646fc841312d3c0ac1ef9a9f4f5260506ca64e11c01e
FUN_0080B740,INDIRECT,688;7204,23,64bea7c4e6e313b55136646fc841312d3c0ac1ef9a9f4f5260506ca64e11c01e
FUN_0080E560,INDIRECT,688;7204,23,64bea7c4e6e313b55136646fc841312d3c0ac1ef9a9f4f5260506ca64e11c01e
FUN_0080E580,INDIRECT,688;8248,23,ab944342654fffce748e9070517e6b8040a1c566fa5edbb3218fe550ede77f47
FUN_008135F0,INDIRECT,688;8248,23,ab944342654fffce748e9070517e6b8040a1c566fa5edbb3218fe550ede77f47
FUN_008C6850,STORE,264,17,a60c02c8a2d10ebec775022328708464b446809d4a32a4c0640d62ce18a8aaa2
FUN_008FFF10,STORE,7164,17,83ea6baadbea5602a7df74763ac555841ea9aaee4718aedbd2b4aacc23f66081
FUN_00A319F0,DIRTY,60;16;68,18,bc3a8fda47f3e76c6666a385bb4e34a280ebe09614d72a482cd247a73e872312
FUN_00A32AC0,STORE_FLAG,12;48;1,18,854582da88ae78784315f144a3be28f77e0086bd82a0bba9bbb4497ee24baa7c
FUN_00CEEF10,STORE,4260,17,aba71b40ea53d75df9952dea3a71bb86b79fcf8f0dd6566592a3060ed68a14e4
FUN_00CEF1E0,STORE,4232,17,62b2c6c9962639becd800c710e02fab68a261d0a567fdddf61cae16d61f4ccf1
FUN_00CF5A80,PAIR32,95488;95492;0;4,24,7d04e1e9658fcdf716698388e6d1071fbd7b30cb28cb706d21a288cc4ce45afd
FUN_00CF76C0,STORE,104980,17,89734330ebf7d00e8c1e7237919904707152f0ac8fc44e43c39e643fbab0bf0d
FUN_00D2D310,SNAPSHOT,20;16;16;36,24,27e513b7057a240b4b6514c6ec36bd148edd6cdb9857187bdfb1eedefe9f9946
FUN_00D2D330,SNAPSHOT,20;16;16;40,24,d65c5e0f128b8946f0901a12d277bd73a0ee22a03f1e0bd49decdab37b1b564e
FUN_00D2D350,SNAPSHOT,20;16;16;44,24,5af42cdd52f807ff45f0187d647b921a82abcd3273bf0032f7724e4df4811465
FUN_00D2D370,SNAPSHOT,20;16;16;48,24,110aa746689d5edbea579c619eb880b12c6740c91adf62e24aa45dcf035a05fb
FUN_00D2D3A0,SNAPSHOT,20;16;16;52,24,c872251f00be1fcb0f0ed908e550c00ecb648d5206d82c6cd99412512a6c7d94
FUN_00D2D3D0,SNAPSHOT,20;16;16;56,24,cffa545d8092b530ae6a55466eb95bd262752dca5baa2a3e76cc4ffc4a45ef41
FUN_00D2D450,SNAPSHOT,20;16;32;36,24,5b41a41c7c020b1c1e32e392580a7335c51652c8c8b0d83f94dd6dc247641869
FUN_00D2D4A0,SNAPSHOT,20;16;32;64,24,6e71555c6351374e1141e8696cd587eccd73827bb641cb2168f648626e6c548e
FUN_00D2D690,STORE,92,14,0f350f2934a20a721be26f5da25fd352c4833ea360a7beaa1ad188a1e05ff699
FUN_00D3D0B0,PAIR16,192;194;0;2,28,6a4e0e97084cb49c46669a3d018cc429201ffd14222775e7104948a90ee84aac
FUN_00D3D100,STORE,196,17,1090078eee91f77f88d5103516071efec9d627cccc97e0712c207c9016a323cc
FUN_00D3D130,STORE,200,17,fdb2aaf1f126b2223c062975a3be795865eaf72ad8bdf51807b050cd2c75226a
FUN_00D3D250,PAIR16,304;306;0;2,28,26ae9c14c87012b8464b44f56e1b8fb9c691d4ee3fa912d5c4410ea47c7e276c
FUN_00D3D270,PAIR16,308;310;0;2,28,180e1f683fa4c984c9f6e3ac85398206d75151fa37379840cbb0c1472f8965a3
FUN_00D3D2B0,PAIR16,312;314;0;2,28,96ef811cd05b3fe016a03c8ab166f8c871189220a4b595233275b2f8cd71352a
FUN_00D3D2D0,PAIR16,316;318;0;2,28,2ee3973b0f00c3e9021f6b4f6ee9d861e46b39ce1208d839018e1f5ad8476178
FUN_00D3D410,SNAPSHOT,20;16;34;336,27,996eb661af9e33286da107868802b8f0608a177e5ba3fff5eaa45b01f734f630
FUN_00D3D440,SNAPSHOT,20;16;34;340,27,7758455fcb1acce0acd3274d80b1794e5e209af6109e5ea30d71b3bedec011fb
FUN_00D3D530,SNAPSHOT,20;16;32;352,27,2063204da79a5e8b248fd05003c32c4f7fdd94a9d02a0af06316c92b4f4f62b1
FUN_00D3D560,SNAPSHOT,20;16;32;360,27,e349e70b456356b0ff13d6fff122ba9e10950d98bacf9ff5725823f40fac8091
FUN_00D3D590,SNAPSHOT,20;16;32;368,27,deb3a02ca51e8987a376fa7cdf98f08501d11f2f2b4944dd22b39c5f8d27548c
FUN_00D3DA30,PAIR16,516;518;0;2,28,83fed181b86deb2395e351b71cac9e3e875e81cdb8b117f3dfc8225d8ac6c1f1
FUN_00D3DA80,SNAPSHOT,20;16;34;524,27,0b76bf9bcb7032048f35295f12efd56b7f80299ad4e4b5ef0463e34b56a2351d
FUN_00D3DBF0,PAIR32,84;88;0;4,18,1d22cf1a362736bb11bbf92e0457ad8432ad0db7403f9907ee3e9379611ba025
FUN_00D3DC50,PAIR32,96;100;0;4,18,5a955adaba6cedaf605fe650d330b65ab034896f154f5dab4a4b9a52cfdf7fba
FUN_00D3DCB0,PAIR32,112;116;0;4,18,69603658314cb1bd907fc3b9c8ba107ab13bb555617da1ca7271ad94725348ab
FUN_00D3DCE0,SNAPSHOT,20;16;66;120,24,f6f0a06cffa70514e9a824363cf0620264d10741366ce0112e89838f04c08768
FUN_00D3DD80,SNAPSHOT,20;16;96;148,27,d43b506f4877a059891cd604439707275350a569deba52cf350cd62593db86cb
FUN_00D3DDB0,SNAPSHOT,20;16;96;152,27,e41594e56c961917a666468201a7d9678fdc46bd535fbe597ad1670a0a61c4a6
FUN_00D3DDE0,SNAPSHOT,20;16;96;156,27,5f56a2f24ad92a348ad2d06a656aed23bbeac4b5fe55fa8f2faea1525319b606
FUN_00D3DE70,SNAPSHOT,20;16;64;164,27,309f715f1185c964509a029f1a8e3e82e00c9c5e70d121108d3d2145fe8bf5e8
FUN_00D3DEA0,SNAPSHOT,20;16;70;180,27,1fc5832836f1c308c4f58f3e11c8845eb7bbaaa712808c1bbc51639000851ade
FUN_00D3DED0,SNAPSHOT,20;16;70;184,27,a25f74c58bd1aaa5d16d0a47f6c177c0eec1ea11a3b3374f3cf2d50bbe2a996e
FUN_00D3DFA0,SNAPSHOT,20;16;64;212,27,64093168396b5971bda03d5d00e630a8b4c04c70250285ae8f267c97c51edc2a
FUN_00D3EAB0,SNAPSHOT,20;16;64;432,27,a0465d2cfab4c71482b7691eb58107a2b5c2cf0b5c15b81d3be25d6ccbd56bb2
FUN_00D3EAE0,SNAPSHOT,20;16;64;436,27,b9a68dc6fae98ee4dc040a678f8b6af0b0b522aee742b4e656f2420a5922b463
FUN_00D3F070,SNAPSHOT,20;16;64;552,27,d6794f2460fd0f788b0d3807a7ad9f1a810b2c0fd0add0f7da4467181c874294
FUN_00D3F090,SNAPSHOT,20;16;64;556,27,12539601391596b751d4ec809b7b1bedaba670b51285d49b2527d12131ea569f
FUN_00D3F0B0,SNAPSHOT,20;16;64;560,27,0ff558af25172fbc51724ba84d58db218c023bc4b960e180f639eadb36fafcaa
FUN_00D3F0D0,SNAPSHOT,20;16;64;564,27,f6c0116bc0a834bed0d5b5c3c950683be46cf480f8519cf472936a64d74325a0
FUN_00D3F270,PAIR32,600;604;0;4,24,06f90ca850cea042811796a3a81aaba6f8b050e5fbf08bbc34db853af210dbd9
FUN_00D3F2E0,SNAPSHOT,20;16;66;616,27,45e894222dd4cce56b7f9397dfa083e2fc2831a0c18baecade770fe40cbb3c4f
FUN_00D3F340,SNAPSHOT,20;16;66;624,27,81e30d07fbfc2727248187d49881e93bfa99fa6f86a90458142e26ccda82afb6
FUN_00D3FAE0,PAIR32,804;808;0;4,24,db377736de81f01c83869ca2b02f1f8586fe68a1b9e1b3559307190c600b8d1b
FUN_00D3FEC0,SNAPSHOT,20;16;64;864,27,02a89820480e0571e2bbc9e185349422790a27498317e0b76e150afc0e91e3a3
FUN_00D3FEF0,SNAPSHOT,20;16;64;868,27,e910e91f8207febdfaedd804d16f35731a868f6d0befc2d19c887bf393be0896
FUN_00D3FF20,SNAPSHOT,20;16;64;872,27,e1915484aacdb55c997794d47f7504777cad41f7880781f81e329a1e316a25da
FUN_00D3FFC0,SNAPSHOT,20;16;64;896,27,2d35f8f83ae74f16ff2df3b8aa5b878be35aab879620d7b5d1a2ac4145549dcb
FUN_00D3FFF0,SNAPSHOT,20;16;64;900,27,f93510251467ab419be5ed153db815ac7205d712494651cfe828ee40d16f11ea
FUN_00D40020,SNAPSHOT,20;16;64;904,27,0db245823990738cdf1a501d8be360570e914b2dfcb37462280250e4037fb1f8
FUN_00D40050,SNAPSHOT,20;16;64;908,27,435ba651a233697c52257a4c1edce077fc71d9ebfa16b8a1366c67d80c0e10e6
FUN_00D40080,SNAPSHOT,20;16;64;912,27,b11392706090fd507d8ed30309de3f29959c09875a0e46050f6957e67436e3b8
FUN_00D400B0,SNAPSHOT,20;16;64;916,27,2b452e1913cb44cdd3b91f37b3423f9aaca0fd064b51b8983da362998e05dff0
FUN_00D400E0,SNAPSHOT,20;16;64;920,27,0f6bb165fc88c5669b30e2832bccfb59dc08bfd5f5a06e383695280df8e176bf
FUN_00D40110,SNAPSHOT,20;16;64;924,27,4e47e4405c76488b13e72a2cf4f7f3e7902480369ed51a378e98811c9728b565
FUN_00D404D0,SNAPSHOT,20;16;64;1032,27,97745fcdf1c55ce8862cd8da525e8029adc006e93606406c62450195f40a900a
FUN_00D404F0,PAIR32,1036;1040;0;4,24,3c188e9baeeb039ab9d45e561b3923e52d680285fe4f91c727cb3f0f495eec0d
FUN_00D40590,SNAPSHOT,20;16;64;1052,27,1207e41a7516266de7a359dd087b99238e32c9a3c9218ae7ad42079ec7302484
FUN_00D40610,PAIR16,1056;1058;0;2,28,51754f6d0fc587934c2a68c029635ea1c7342ca371700b75855a17882a6e6634
FUN_00D40650,PAIR16,1060;1062;0;2,28,72a32bf7d651a466112bc329fc1770a237aa8739c86f1a4db571dd81b1f8346b
FUN_00D407F0,PAIR16,1092;1094;0;2,28,635774b01c1e6d32173a8905a7e401949bfd93da1b032fdfebeb6704bc42ccb0
FUN_00D40970,PAIR32,1120;1124;0;4,24,11baf00926096546b1cc2c1c72800c8c0df3176f584e4f7539ff7eaf00695ae5
FUN_00D40A00,SNAPSHOT,20;16;64;1132,27,ccfa8c982f0569032ddaad687ef8bd90001f5d6cdad1b07e921cf7fa7c8643a4
FUN_00D40A80,PAIR32,1144;1148;0;4,24,49de3656b5aef9bac6d1d8fc116be9ebd5ab8289e045e1cbe8dab9c496f326b7
FUN_00D40C20,SNAPSHOT,20;16;66;1288,27,c0331c7bd2e4ebcd440f3c6b474fcf193b187236cd90d96a6fbd53a92f585076
FUN_00D40ED0,SNAPSHOT,20;16;66;1344,27,fad2956aeecf51a28968d9b9b93e2b782f0af78d4e354db0714788df0ec1b762
FUN_00D40FF0,PAIR16,40;42;0;2,22,81a3ce05aa047cd5147ec41d47b72b127035a61e84a4862184fc0854ab9a1203
FUN_00D41030,PAIR16,44;46;0;2,22,68fd0380c65857f3cfbe4e0f45785c9917dd9a04ed0a050950ec9dc8ce8de1da
FUN_00D41530,SNAPSHOT,20;16;256;116,27,c562208df9ec789abba11bed7f64a844812f1f20f72ddeffe1e2676ebb220dad
FUN_00D41780,PAIR16,148;150;0;2,28,63e3f40ff7e49a6be21028495345e8cb736195ab93220f76b1c8b7a17bd9e362
FUN_00D418A0,PAIR16,168;170;0;2,28,2e141fa67c7e70c39a6567a128dcf6f535c4a15de08876360f264c61a8b15aad
FUN_00D42130,SNAPSHOT,20;16;258;348,30,6f8fa52f7e915e927d705c1057cf264fde78bfb626ee241bc07de399a0dc7f1a
FUN_00D42150,SNAPSHOT,20;16;258;352,30,780eea2d411a02efcf551da22aaff428d1f8552b3ce73e795fddcd6bf356f03b
FUN_00D42180,SNAPSHOT,20;16;256;372,30,a4240d665ebb63b478b7415a3089805848bec9cda29563eac94a65fdae25cd23
FUN_00D42490,SNAPSHOT,20;16;8;160,27,f801c6f761ef32d996c28a895f38cc884e7d7c05bd7ffca514051f0fc159580e
FUN_00D42560,SNAPSHOT,20;16;8;164,27,ded4e009eb653255ccb4dddd89f9a2dc26d0ad876289d375cf220d62d6674414
FUN_00D427B0,SNAPSHOT,20;16;128;200,30,ad42de1a82fb90fa221713827256782b4595bc0e7cf2459186ab07f94c255bf3
FUN_00D42BE0,SNAPSHOT,68;64;32;252,27,55d6982dfcbf897db6bc58155a244c846a488f74ed342fc5fa4f435051bd6dd3
FUN_00D9D190,STORE,112,14,d9670d3c471c95892929dd80c14d4ee0329d20e7391d2ffa1ad46e8d964b205f
FUN_00D9FDA0,STORE,60,14,4350d95b79948cc6df880c127edb2adbda964ef8cc5aea87fc0629b7d346f03b
FUN_00D9FDB0,STORE,56,14,0f4b3d31fa8e40f23062de0e20ba31db0aa9af8b66d6792461a5aec2e47c7a89
FUN_00D9FDC0,STORE,48,14,0adad8c72e4d04ecb68151495914531e9984de95816fafbf07187e08356c5434
FUN_00DE8440,SNAPSHOT,20;16;34;48,24,d5068dd2cdfd2c4af966912dc27dbb1b94b167df7eed83c93b74438bbb764b05
FUN_00DE8610,PAIR16,72;74;0;2,22,16474682444f589afce33f2731ed6377c4103f162b8550827313cb544f37f087
FUN_00DE8650,PAIR16,76;78;0;2,22,c29065ed6e1b707a53ff6be2ad258e3958b52d63eb10f6f73d376603ad7141ab
FUN_00DE8670,PAIR16,80;82;0;2,22,5435ea2887484026064ed754bdb06cf20f06d14452a52c8f6ffdf74acfd2fe2c
FUN_00DE86B0,PAIR16,84;86;0;2,22,1c64166bcfc00d5b50c87cb73bab287649fc1ee2e7a6941d01a41ee63b0bd035
FUN_00DE86D0,PAIR16,88;90;0;2,22,eb95509c3226d3d4f3eb2925cee56dcd05f6fb0d793bb90ffebe5509991b6f26
FUN_00DE8BD0,PAIR32,136;140;0;4,24,10b6aff787a84f576209755c08575bbd7bfd6358e447185d44ff523dd879ed5b
FUN_00DE8C20,PAIR32,152;156;0;4,24,94c316c198b2ae6d8ac8ce9774bd7e94aefbe09bea0cf03fd78353a1b40d6ac2
FUN_00DE9060,PAIR16,28;30;0;2,22,ba3ca3041bb1c469ee55250511631a7907c5d6d24abd83c72cdf2db2a6546113
FUN_00DE90A0,PAIR16,32;34;0;2,22,41536f151ab4523ba662073717186159646499eab124b875046c39a093abe397
FUN_00DE90E0,PAIR16,36;38;0;2,22,347902c168093d3a6b239edf23973718ea20f7c5738e8d0c339e88b93d85fee4
FUN_00DE93B0,SNAPSHOT,20;16;8;40,24,ca5ac45e8b303c952c81726386b783a5483de536c952cf7011b88943476c910b
FUN_00E41F60,STORE,144,17,047477a253b8e585ec982b206906071e252b6d6b4f3df1abc3dc7f6587132188
FUN_00E41F80,STORE,140,17,0bc7f7bad83aa4ef7c09a725d6c887b52376a772c2e7cea895327e34a103dd29
FUN_00E41FA0,STORE,132,17,c63bfa9eba1cf225ef405d125151f9858990a9a264d640d6250fd6f17c351b66
FUN_00E41FC0,STORE,128,17,5d713c777e54afdcb638e416c030032c0b7c1b916db2358b09a4d538fabd195e
FUN_00E41FE0,STORE,124,14,8a9cfa6e8d68b6d749da4e2b7bbc2bfa19fe573b808bc00305d71b3452d4e276
FUN_00E41FF0,STORE,172,17,9aee45b80b91100ddff2bca29c510ea44c51499b416fdb886cf56cc68fb9e09c
FUN_00EA3120,STORE,256,17,4005a6a2a4a2d39cb6d2592bf09985632868bbecaf7cc3eec65ec19b7c813d43
FUN_00F72770,STORE,584,17,7f0bb5e830e3f2ad769903e77ea84f2057df4b9782500c223849bdd62056d53f
FUN_00F75CA0,STORE,68,14,de71b679d61acf9c519bdc01dfd2247889ae3c656d94a4a4efc7c9b9b5fb1e10
FUN_00F75CB0,STORE,72,14,9aa2a192ddb9c4371cebc6e7eb874091b8c1927491ed58f2c90de08f21ff9bf4
FUN_00F75CC0,STORE,76,14,69ad1690958fcdcc6b70652b909d26e597eef21ad2ceb815a10fd8aeff42820f
FUN_00F75CD0,STORE,80,14,728c275e9f21ddac61b1494647b5bac52eb817c84b99d0d52499bb82ea47f5c6
FUN_00FA8ED0,STORE,272,17,094d6edc211e55dc126dc623ac0667019c4b8d8d6ef006ae56293f7bcf1ac842
FUN_00FD4D10,STORE,260,17,d5fbd6f90aaea16f2f95e7c7d9f46b603c8346608d337a9a5783cca0e24f1842
FUN_00FD5230,PAIR32,240;244;0;4,24,db31bbcb9c38c575e600a997746b997446e1805c67df76b6bbe30976b01eb0e8
FUN_0102B800,NEST16,932;936;108;128;240;242;0;2;0;0,82,e36a8f4e6cd08a19f1de6ee74383b42453c2ab83908fcea4bd52ac78d1540e4b
FUN_0102B8F0,NEST16,932;936;108;128;352;354;0;2;0;0,82,7d93b3d96f1e625a2a08e9f6eea02e4c2f45bbc5a68229f3a50b3e73c5a781ea
FUN_0102B950,NEST16,932;936;108;128;356;358;0;2;0;0,82,76314f9498670fe558d968c0ecd919b2e6698015ed67e172f8d7c677581a5b1a
FUN_0102B9B0,NEST16,932;936;108;128;360;362;0;2;0;0,82,1fca198d7960033551e906fa5dee43c50585d6ac66faa0c547a44db17f491329
FUN_0102BA10,NEST16,932;936;108;128;364;366;0;2;0;0,82,80ad5eefc5f36e2a36a0505abe2569e79062eee3bbcc158b06dd7281e9941176
FUN_0102C430,NEST16,932;936;108;128;564;566;0;2;0;0,82,f830dc84d604c6447490c8b1df54e6dac41db9c71da82aa1eddef62060903b66
FUN_01034C30,NEST16,932;936;108;128;2564;2566;0;2;0;0,82,1caa66062fc2908d005750a8399be6ef6f1779374dcb4349008a63fa23c5c6bc
FUN_01043AE0,NEST16,932;936;108;128;7928;7930;0;2;0;0,82,02a6e091a1cebedb8d412a559d96f36c1a5d021dc5ec3eebde48a54e581e71ae
FUN_01043B40,NEST16,932;936;108;128;7932;7934;0;2;0;0,82,b84defe952db0bd0ccb228830c6edb2adda19c3356eb4e4b23a346f9fdaa4bd4
FUN_01095EF0,STORE,20,14,3ef191c93dcf4d753741d2f73066642ae1bc056d994278a7aceb85fb934a3676
FUN_01095F60,STORE,12,14,fac4786295985d4495e2e69ea49946f029fd389709175dbb0153e5fc4d07c1e2
FUN_01095F70,STORE,16,14,08209df55350b3869a0bdbdd423daf7cd5bd19e69a5b60a112a4201638740f13
FUN_01095F80,STORE,52,14,6dddcde2c754ae6039d72be9a4f695d21979f11d583cfbce5624b96e3e89d52c
FUN_01095FA0,STORE,32,14,1b2b1db2c2c23db9c5cb90286aa90fad59ba5c9909a65cbfac64928ef71de62c
FUN_01095FB0,STORE,36,14,2338202b02c3a4db4bcaf1907d3cd9c64e623c05c3aca0c4442d5ecfca0164c7
FUN_0109D370,NEST16,912;916;108;152;120;122;0;2;0;0,76,83e79cbabfd6a0055dd8ccdf560c56e235eadeb91e54876b8e3c07b5af584f18
FUN_0109D3C0,NEST16,912;916;108;152;124;126;0;2;0;0,76,cc53b2c6a4d199bdb2c1d9d2773425d053962f204ca18eb84da82bcc4d16862c
FUN_0109D410,NEST16,912;916;108;152;128;130;0;2;0;0,82,cccc5c15615cfeb2bf30b6f067c125461442c36c101c1e87dfee9a741eb5faba
FUN_0109D470,NEST16,912;916;108;152;132;134;0;2;0;0,82,36e2f543f88c35433b38fca67c53c037d71ce93258feaf02259cfd4dd4f76cbe
FUN_0109D4D0,NEST16,912;916;108;152;136;138;0;2;0;0,82,93097a5457b5a3de9f1fc1662d288c1bc9885d566817c4fecf50da5b06cdea98
FUN_010A1800,NEST16,912;916;108;152;1768;1770;0;2;0;0,82,ec335d2365e2a3043548a6179cfd1d004adffc5292d4b5f9c46cdc2dc1fafdd4
FUN_010A1860,NEST16,912;916;108;152;1772;1774;0;2;0;0,82,a95528c312e8d058e9e469b355e4a69b1b0ac4a40580cff78ccb557f1ed2ac2a
FUN_010D3320,DIRTY,208;128;1920,27,f20356fe7b3edd871dee805e57a6048b52d1997be899b0016b417e1bc1618ed1
FUN_010D3350,DIRTY,208;128;1924,27,e3c9dc88073697786d8c095bc8cee2470be86039981f4ab390383db4300d842b
FUN_010D33B0,DIRTY,208;128;1932,27,4fd9446ec9bca8388b7d7f26836f1fb9aad46870a38cbf2ac1eec86d6eeca3e4
FUN_010D33E0,DIRTY,208;128;1936,27,8b75ea6790d44a6e1b2ead1fb9df9fbdc7ab42ace7687aba7dbfff8f0f5fb8fb
FUN_010D3410,DIRTY,208;128;1940,27,747dd8198797fcc34d4a7a9a36a6782b419a41e642010361e9bfffee92a6909e
FUN_010D3440,DIRTY,208;128;1944,27,86575de9111c858858351bbd73c46b3b2c58448968be06568f5d5b0b69c407d0
FUN_010D3470,DIRTY,208;128;1948,27,2bb98b9799a95784c145a4e5f7a262fe10d202f428d88bed4a29f15b99baa655
FUN_010D34A0,DIRTY,208;128;1952,27,b78ca8944421c35d75ea596441de94254767fbcf11471322d0641853e36cfccc
FUN_010D3560,DIRTY,208;128;1968,27,4e4425ba86f97409ca4d4de9886a18b670ccd3eeed66f04c05cb5efd85f819b2
FUN_010D71A0,DIRTY,208;128;1612,27,925952f3ca3972288ad3f7216d3d5321f0738e0dc3ea038170034f5248fd57c6
FUN_010D7510,DIRTY,208;512;2360,27,046ba2600a24121646f3ffcc8fe6e3b6ffbf42cb0258abc1f8e539c88e5b4fe9
FUN_010DB8B0,DIRTY,192;32;49880,24,c397b19f05b7599616cfe7dc44e938243896f06e168a3b7faa7d7dfffce223bc
FUN_010DBA00,DIRTY,192;2048;50260,27,164142b925c896d3dd7c7a1ce24dca4fcac238da88f4a4bad75d79acb60cd57a
FUN_0114E1B0,STORE,64,14,652c6685c148b499beb404ce9283e820dbde293e5c727ddf2ebead47447c1087
FUN_0114E2D0,STORE,84,14,71393d3caa6f079b09af17573af31eafcc0429249d268767d5c7f7c18c315dfa
FUN_0114E3C0,STORE,100,14,ef0095d49f5da507a66192435fdc541911ab2cf8a9a3be280bf0c66e6db8b1ce
FUN_0114E3D0,STORE,104,14,94748cc1ebfe581c73374a48251b3cd929e7c2396c3b871f320018358f7ba0a8
FUN_0114F960,DIRTY,188;128;172,27,22d068ba5fc26a42a56c9810199c3d75f397b703c730c7a8005af6333a260ccb
FUN_0114F980,DIRTY,188;128;176,27,1562169619e99c6247117536d617216117e9352b4ad641afad07c74b264fc7e5
FUN_0114F9B0,DIRTY,188;128;180,27,e0e81fbd144cb67ae90c52299169a824faa393776e4c5436e89e3f7a75ef1e0e
FUN_0114F9D0,DIRTY,188;128;184,27,ced50079e65ddada9c6f5008b0801f3a8a699eceb12ca8c633edb8ab09b9c8ea
FUN_01164D10,STORE_FLAG,4;21;1,18,d2046be11a80939d6a900edbff8d68ee61da1ad9d87f53bca58f4b97a575089c
