symbol,kind,parameters
FUN_00D2D2C0,S32,20;16;4368;24
FUN_00D2D2E0,PAIR,28;32;20;16;16
FUN_00D2D3F0,S32,20;16;8736;24
FUN_00D2D430,PAIR,28;32;20;16;32
FUN_00D2D4D0,S32,52;48;4368;56
FUN_00D2D4F0,S32,116;112;8736;120
FUN_00D2D580,S32,20;16;8;28
FUN_00D2D5A0,S32,20;16;16;32
FUN_00D2D640,S32,20;16;1;80
FUN_00D2D660,S32,20;16;1;84
FUN_00D3CB70,S8,20;16;18;116
FUN_00D3CBC0,S32,20;16;18;124
FUN_00D3CC40,S8,20;16;528386;36
FUN_00D3CC80,S8,20;16;524322;39
FUN_00D3CCB0,S32,20;16;34;40
FUN_00D3CDD0,SHIFT,20;16;32;144;4;240
FUN_00D3CE00,S32,20;16;32;148
FUN_00D3CE60,SHIFT,20;16;524322;144;8;3840
FUN_00D3CFE0,PAIR,176;180;20;16;34
FUN_00D3D020,S32,20;16;34;184
FUN_00D3D050,S32,20;16;34;188
FUN_00D3D080,SHIFT,20;16;34;144;12;61440
FUN_00D3D0D0,COPY,20;16;34;192
FUN_00D3D290,COPY,20;16;32;308
FUN_00D3D320,S8,20;16;528386;328
FUN_00D3D350,S8,20;16;32;329
FUN_00D3D380,S8,20;16;34;330
FUN_00D3D3B0,S8,20;16;34;331
FUN_00D3D3E0,S32,20;16;32;332
FUN_00D3D460,PAIR,344;348;20;16;32
FUN_00D3D490,PAIR,352;356;20;16;32
FUN_00D3D4C0,PAIR,360;364;20;16;32
FUN_00D3D4F0,PAIR,368;372;20;16;32
FUN_00D3D630,PAIR,384;388;20;16;32
FUN_00D3D660,PAIR,392;396;20;16;32
FUN_00D3D690,PAIR,400;404;20;16;32
FUN_00D3D820,S32,20;16;32;484
FUN_00D3D850,SHIFT,20;16;524322;480;4;240
FUN_00D3D890,S8,20;16;524322;488
FUN_00D3D8C0,S8,20;16;34;489
FUN_00D3D8F0,S8,20;16;34;490
FUN_00D3D930,S16,20;16;34;494
FUN_00D3D960,S32,20;16;34;496
FUN_00D3D9B0,S16,20;16;34;508
FUN_00D3D9E0,S16,20;16;34;510
FUN_00D3DA10,S32,20;16;34;512
FUN_00D3DA50,COPY,20;16;32;516
FUN_00D3DAB0,S8,20;16;66;33
FUN_00D3DAE0,S8,20;16;66;34
FUN_00D3DB30,S32,20;16;66;44
FUN_00D3DB50,S32,20;16;66;40
FUN_00D3DB70,PAIR,48;52;20;16;64
FUN_00D3DBB0,SHIFT,20;16;64;72;8;3840
FUN_00D3DC20,SHIFT,20;16;64;72;12;268431360
FUN_00D3DC70,S32,20;16;64;104
FUN_00D3DC90,S32,20;16;64;108
FUN_00D3DD00,S8,20;16;1056770;35
FUN_00D3DD30,S16,20;16;98;36
FUN_00D3DE40,SHIFT,20;16;96;160;4;240
FUN_00D3DEF0,DUAL,196;200;20;16;64;1928;1932;1892;1888;16
FUN_00D3DF60,PAIR,204;208;20;16;64
FUN_00D3DFD0,S8,20;16;1048642;240
FUN_00D3E000,S32,20;16;64;244
FUN_00D3E040,PAIR,216;220;20;16;64
FUN_00D3E090,PAIR,224;228;20;16;64
FUN_00D3E0E0,PAIR,232;236;20;16;64
FUN_00D3E130,DUAL,248;252;20;16;64;2696;2700;2660;2656;16
FUN_00D3E1A0,DUAL,256;260;20;16;64;2704;2708;2660;2656;16
FUN_00D3E210,DUAL,264;268;20;16;64;2712;2716;2660;2656;16
FUN_00D3E280,PAIR,272;276;20;16;64
FUN_00D3E2D0,PAIR,280;284;20;16;64
FUN_00D3E320,PAIR,288;292;20;16;64
FUN_00D3E390,SHIFT,20;16;64;296;4;240
FUN_00D3E3D0,SHIFT,20;16;64;296;8;3840
FUN_00D3E410,SHIFT,20;16;64;296;12;61440
FUN_00D3E460,S8,20;16;1056770;305
FUN_00D3E480,S32,20;16;64;312
FUN_00D3E4E0,SHIFT,20;16;64;316;4;240
FUN_00D3E520,SHIFT,20;16;64;316;8;3840
FUN_00D3E560,SHIFT,20;16;64;316;12;61440
FUN_00D3E5B0,PAIR,320;324;20;16;64
FUN_00D3E600,PAIR,328;332;20;16;64
FUN_00D3E650,PAIR,336;340;20;16;64
FUN_00D3E6A0,PAIR,344;348;20;16;64
FUN_00D3E6F0,PAIR,352;356;20;16;64
FUN_00D3E740,PAIR,360;364;20;16;64
FUN_00D3E790,DUAL,368;372;20;16;64;4488;4492;4452;4448;16
FUN_00D3E800,DUAL,376;380;20;16;64;4496;4500;4452;4448;16
FUN_00D3E850,DUAL,384;388;20;16;64;4504;4508;4452;4448;16
FUN_00D3E8C0,DUAL,392;396;20;16;64;4744;4748;4708;4704;16
FUN_00D3E910,DUAL,400;404;20;16;64;4752;4756;4708;4704;16
FUN_00D3E980,DUAL,408;412;20;16;64;4760;4764;4708;4704;16
FUN_00D3E9E0,S16,20;16;66;318
FUN_00D3EA20,PAIR,416;420;20;16;64
FUN_00D3EA70,PAIR,424;428;20;16;64
FUN_00D3EB20,DUAL,456;460;20;16;64;3720;3724;3684;3680;16
FUN_00D3EB90,PAIR,464;468;20;16;64
FUN_00D3EBE0,DUAL,472;476;20;16;64;3976;3980;3940;3936;16
FUN_00D3EC50,PAIR,480;484;20;16;64
FUN_00D3ECA0,DUAL,488;492;20;16;64;4232;4236;4196;4192;16
FUN_00D3ED10,PAIR,496;500;20;16;64
FUN_00D3ED60,PAIR,504;508;20;16;64
FUN_00D3EDB0,SHIFT,20;16;64;304;20;15728640
FUN_00D3EE10,SHIFT,20;16;64;512;4;240
FUN_00D3EE70,DUAL,516;520;20;16;64;2440;2444;2404;2400;16
FUN_00D3EEE0,PAIR,524;528;20;16;64
FUN_00D3EF30,PAIR,532;536;20;16;64
FUN_00D3EF80,PAIR,540;544;20;16;64
FUN_00D3EFF0,SHIFT,20;16;64;548;4;240
FUN_00D3F030,S8,20;16;64;549
FUN_00D3F110,DUAL,568;572;20;16;64;2952;2956;2916;2912;16
FUN_00D3F180,PAIR,576;580;20;16;64
FUN_00D3F1D0,DUAL,584;588;20;16;64;3208;3212;3172;3168;16
FUN_00D3F240,PAIR,592;596;20;16;64
FUN_00D3F2A0,S16,20;16;66;608
FUN_00D3F310,S32,20;16;66;620
FUN_00D3F380,PAIR,628;632;20;16;64
FUN_00D3F3D0,PAIR,636;640;20;16;64
FUN_00D3F420,DUAL,644;648;20;16;64;3336;3340;3300;3296;16
FUN_00D3F490,DUAL,652;656;20;16;64;3344;3348;3300;3296;16
FUN_00D3F500,DUAL,660;664;20;16;64;3352;3356;3300;3296;16
FUN_00D3F570,PAIR,668;672;20;16;64
FUN_00D3F5C0,PAIR,676;680;20;16;64
FUN_00D3F610,PAIR,684;688;20;16;64
FUN_00D3F690,SHIFT,20;16;64;692;8;3840
FUN_00D3F790,DUAL,732;736;20;16;64;5128;5132;5092;5088;16
FUN_00D3F7E0,DUAL,740;744;20;16;64;5384;5388;5348;5344;16
FUN_00D3F870,PAIR,748;752;20;16;64
FUN_00D3F8A0,PAIR,756;760;20;16;64
FUN_00D3F910,DUAL,764;768;20;16;64;5640;5644;5604;5600;16
FUN_00D3F960,DUAL,772;776;20;16;64;5896;5900;5860;5856;16
FUN_00D3F9F0,PAIR,780;784;20;16;64
FUN_00D3FA20,PAIR,788;792;20;16;64
FUN_00D3FA60,SHIFT,20;16;66;692;12;61440
FUN_00D3FAB0,PAIR,796;800;20;16;64
FUN_00D3FB00,PAIR,804;808;20;16;64
FUN_00D3FB70,PAIR,824;828;20;16;64
FUN_00D3FBC0,PAIR,832;836;20;16;64
FUN_00D3FC10,PAIR,840;844;20;16;64
FUN_00D3FC80,SHIFT,20;16;64;848;4;240
FUN_00D3FD00,S8,20;16;64;851
FUN_00D3FD40,S8,20;16;64;853
FUN_00D3FD70,S16,20;16;64;854
FUN_00D3FDA0,S16,20;16;64;856
FUN_00D3FDD0,S16,20;16;64;858
FUN_00D3FE00,S8,20;16;64;860
FUN_00D3FE30,S8,20;16;64;861
FUN_00D3FE60,S8,20;16;64;862
FUN_00D3FE90,S8,20;16;64;863
FUN_00D40140,S32,20;16;1048642;928
FUN_00D401E0,MASK,20;16;1056770;960;15
FUN_00D40220,S32,20;16;64;964
FUN_00D40260,PAIR,968;972;20;16;64
FUN_00D402B0,PAIR,976;980;20;16;64
FUN_00D40300,PAIR,984;988;20;16;64
FUN_00D40350,PAIR,992;996;20;16;64
FUN_00D403A0,PAIR,1000;1004;20;16;64
FUN_00D403F0,PAIR,1008;1012;20;16;64
FUN_00D40440,PAIR,1016;1020;20;16;64
FUN_00D40490,PAIR,1024;1028;20;16;64
FUN_00D40510,PAIR,1036;1040;20;16;64
FUN_00D40560,PAIR,1044;1048;20;16;64
FUN_00D405C0,S8,20;16;1056770;308
FUN_00D405F0,S8,20;16;66;309
FUN_00D40630,COPY,20;16;64;1056
FUN_00D40670,COPY,20;16;64;1060
FUN_00D406B0,PAIR,1064;1068;20;16;64
FUN_00D40770,PAIR,1076;1080;20;16;64
FUN_00D407C0,PAIR,1084;1088;20;16;64
FUN_00D40810,COPY,20;16;64;1092
FUN_00D408E0,PAIR,1096;1100;20;16;64
FUN_00D40910,PAIR,1104;1108;20;16;64
FUN_00D40940,PAIR,1112;1116;20;16;64
FUN_00D40990,PAIR,1120;1124;20;16;64
FUN_00D409D0,S32,20;16;64;1128
FUN_00D40A30,S8,20;16;66;1136
FUN_00D40A60,S32,20;16;66;1140
FUN_00D40AA0,PAIR,1144;1148;20;16;64
FUN_00D40BF0,S32,20;16;66;1284
FUN_00D40C50,S32,20;16;66;1292
FUN_00D40C90,PAIR,1296;1300;20;16;66
FUN_00D40CE0,PAIR,1304;1308;20;16;66
FUN_00D40D30,PAIR,1312;1316;20;16;66
FUN_00D40D80,PAIR,1320;1324;20;16;66
FUN_00D40DE0,PAIR,1332;1336;20;16;66
FUN_00D40E20,S8,20;16;66;1340
FUN_00D40E50,S8,20;16;66;1341
FUN_00D40E90,PAIR,1348;1352;20;16;66
FUN_00D40F00,S8,20;16;66;1342
FUN_00D40F30,S8,20;16;66;1343
FUN_00D40F50,S8,20;16;2113538;32
FUN_00D40FB0,S16,20;16;128;34
FUN_00D40FD0,COPY,20;16;128;36
FUN_00D41010,COPY,20;16;128;40
FUN_00D41050,COPY,20;16;128;44
FUN_00D41080,S8,20;16;4227074;32
FUN_00D41160,SHIFT,20;16;256;32;8;3840
FUN_00D411A0,SHIFT,20;16;256;32;12;61440
FUN_00D411E0,SHIFT,20;16;256;32;16;983040
FUN_00D41230,DUAL,40;44;20;16;256;688;692;652;648;16
FUN_00D412A0,DUAL,48;52;20;16;256;696;700;652;648;16
FUN_00D41310,DUAL,56;60;20;16;256;704;708;652;648;16
FUN_00D41380,DUAL,64;68;20;16;256;944;948;908;904;16
FUN_00D413F0,PAIR,72;76;20;16;256
FUN_00D41480,S8,20;16;258;104
FUN_00D414B0,S8,20;16;258;105
FUN_00D414E0,S16,20;16;256;106
FUN_00D41500,PAIR,108;112;20;16;256
FUN_00D41550,S32,20;16;258;120
FUN_00D41570,S32,20;16;258;124
FUN_00D41590,S32,20;16;258;128
FUN_00D415B0,S32,20;16;258;132
FUN_00D415E0,MASK,20;16;258;136;15
FUN_00D41620,SHIFT,20;16;258;136;4;240
FUN_00D41660,SHIFT,20;16;258;136;8;3840
FUN_00D416A0,SHIFT,20;16;258;136;12;61440
FUN_00D416E0,S8,20;16;258;138
FUN_00D41710,S8,20;16;258;139
FUN_00D41750,PAIR,140;144;20;16;256
FUN_00D417A0,COPY,20;16;256;148
FUN_00D417F0,S8,20;16;258;160
FUN_00D41820,S8,20;16;258;161
FUN_00D41850,S8,20;16;258;164
FUN_00D41880,S8,20;16;258;165
FUN_00D418C0,COPY,20;16;256;168
FUN_00D41900,PAIR,172;176;20;16;256
FUN_00D41970,PAIR,180;184;20;16;258
FUN_00D419A0,PAIR,188;192;20;16;258
FUN_00D419D0,PAIR,196;200;20;16;258
FUN_00D41A00,PAIR,204;208;20;16;258
FUN_00D41A70,S32,20;16;258;220
FUN_00D41AA0,S8,20;16;258;224
FUN_00D41AD0,S32,20;16;258;228
FUN_00D41B00,MASK,20;16;258;232;15
FUN_00D41B40,SHIFT,20;16;258;232;4;240
FUN_00D41B80,SHIFT,20;16;258;232;8;3840
FUN_00D41BC0,SHIFT,20;16;258;232;12;61440
FUN_00D41C10,PAIR,236;240;20;16;258
FUN_00D41C40,PAIR,244;248;20;16;258
FUN_00D41C90,PAIR,252;256;20;16;258
FUN_00D41CE0,PAIR,260;264;20;16;258
FUN_00D41D30,PAIR,268;272;20;16;258
FUN_00D41D80,PAIR,276;280;20;16;258
FUN_00D41DD0,DUAL,284;288;20;16;258;1712;1716;1676;1672;16
FUN_00D41E40,DUAL,292;296;20;16;258;1720;1724;1676;1672;16
FUN_00D41EB0,DUAL,300;304;20;16;258;1728;1732;1676;1672;16
FUN_00D41F20,DUAL,308;312;20;16;258;1968;1972;1932;1928;16
FUN_00D41F90,DUAL,316;320;20;16;258;1976;1980;1932;1928;16
FUN_00D42000,DUAL,324;328;20;16;258;1984;1988;1932;1928;16
FUN_00D42060,S16,20;16;258;234
FUN_00D420A0,PAIR,332;336;20;16;258
FUN_00D420F0,PAIR,340;344;20;16;258
FUN_00D42350,S8,20;16;2;112
FUN_00D42390,S8,20;16;1;114
FUN_00D423C0,S8,20;16;1;115
FUN_00D423E0,S32,20;16;2;116
FUN_00D42410,S32,20;16;5;120
FUN_00D42430,S32,20;16;5;124
FUN_00D42590,S16,20;16;9;168
FUN_00D425C0,S16,20;16;9;170
FUN_00D425F0,S16,20;16;9;172
FUN_00D42620,S16,20;16;9;174
FUN_00D42650,S16,20;16;9;176
FUN_00D42680,S16,20;16;9;178
FUN_00D426B0,S8,20;16;9;180
FUN_00D426E0,S8,20;16;9;181
FUN_00D42760,SHIFT,20;16;9;184;8;3840
FUN_00D42990,S32,20;16;16385;276
FUN_00D429C0,S32,20;16;1048576;280
FUN_00D42AC0,S8,20;16;2;10424
FUN_00D42AF0,S8,68;64;528386;84
FUN_00D42B30,S8,7908;7904;2113538;7920
FUN_00D42B70,S8,8220;8216;4227074;8232
FUN_00D42BA0,S32,68;64;32;196
FUN_00D42CB0,SHIFT,1524;1520;64;1576;8;3840
FUN_00D4E4F0,S32,20;16;66;1328
FUN_00DE8310,S8,20;16;18;92
FUN_00DE8350,S32,20;16;18;100
FUN_00DE8380,S8,20;16;32;24
FUN_00DE83A0,S8,20;16;32;25
FUN_00DE83C0,S16,20;16;34;26
FUN_00DE83F0,COPY,20;16;32;40
FUN_00DE8420,S8,20;16;34;44
FUN_00DE8470,S8,20;16;32;45
FUN_00DE84A0,S8,20;16;38;52
FUN_00DE84E0,S8,20;16;38;72
FUN_00DE8580,S8,20;16;266242;28
FUN_00DE85B0,S32,20;16;66;32
FUN_00DE85D0,S32,20;16;66;64
FUN_00DE85F0,S32,20;16;66;68
FUN_00DE8630,COPY,20;16;66;72
FUN_00DE8690,COPY,20;16;64;80
FUN_00DE8700,S8,20;16;262210;100
FUN_00DE8730,S8,20;16;64;101
FUN_00DE8760,S8,20;16;64;102
FUN_00DE87A0,PAIR,108;112;20;16;64
FUN_00DE87E0,PAIR,116;120;20;16;64
FUN_00DE8820,PAIR,124;128;20;16;64
FUN_00DE88B0,S32,20;16;130;28
FUN_00DE88F0,S32,20;16;130;36
FUN_00DE8940,S32,20;16;130;44
FUN_00DE8960,PAIR,48;52;20;16;128
FUN_00DE89E0,SHIFT,20;16;128;72;8;3840
FUN_00DE8A10,S32,20;16;128;76
FUN_00DE8A50,PAIR,80;84;20;16;128
FUN_00DE8A90,PAIR,88;92;20;16;128
FUN_00DE8AD0,PAIR,96;100;20;16;128
FUN_00DE8B10,PAIR,104;108;20;16;128
FUN_00DE8B50,PAIR,112;116;20;16;128
FUN_00DE8B90,PAIR,120;124;20;16;128
FUN_00DE8C00,S16,20;16;128;144
FUN_00DE8C70,S8,20;16;532482;181
FUN_00DE8CB0,SHIFT,20;16;128;180;20;15728640
FUN_00DE8D10,SHIFT,20;16;128;184;4;240
FUN_00DE8D70,PAIR,188;192;20;16;128
FUN_00DE8DA0,PAIR,196;200;20;16;128
FUN_00DE8DD0,PAIR,204;208;20;16;128
FUN_00DE8E20,PAIR,212;216;20;16;128
FUN_00DE8E70,PAIR,220;224;20;16;128
FUN_00DE8EC0,PAIR,228;232;20;16;128
FUN_00DE8F60,PAIR,244;248;20;16;128
FUN_00DE9040,S16,20;16;256;26
FUN_00DE9080,COPY,20;16;256;28
FUN_00DE90C0,COPY,20;16;256;32
FUN_00DE9100,COPY,20;16;256;36
FUN_00DE9120,S8,20;16;2129922;24
FUN_00DE9150,S8,20;16;512;25
FUN_00DE9250,PAIR,44;48;20;16;512
FUN_00DE9290,PAIR,52;56;20;16;512
FUN_00DE92D0,PAIR,60;64;20;16;512
FUN_00DE9310,PAIR,68;72;20;16;512
FUN_00DE9350,PAIR,24;28;20;16;2
FUN_00DE9370,S32,20;16;5;32
FUN_00DE9390,S32,20;16;5;36
FUN_00DE93E0,S16,20;16;9;44
FUN_00DE9410,S16,20;16;9;46
FUN_00DE9440,S16,20;16;9;48
FUN_00DE9470,S32,20;16;1;52
FUN_00DE9490,S32,20;16;524288;56
FUN_00DE9570,S8,20;16;2;2720
FUN_00DE9590,S8,68;64;266242;76
FUN_00DE95C0,S8,420;416;532482;424
FUN_00DE9600,S8,1756;1752;1064962;1760
FUN_00DE9640,S8,2012;2008;2129922;2016
FUN_01009EE0,D32,20;4;4
FUN_01009EF0,D32,20;4;8
FUN_01009F00,D32,20;4;12
FUN_01009F10,D32,20;4;16
FUN_01009F20,D32,52;8;8
FUN_01009F40,D32,52;8;12
FUN_01009F50,D32,52;8;16
FUN_01009F70,D32,52;8;20
FUN_01009F80,D32,52;8;24
FUN_01009F90,D32,52;8;28
FUN_01009FB0,D32,52;8;32
FUN_01009FC0,D32,52;8;36
FUN_01009FD0,D32,52;8;40
FUN_01009FE0,D32,52;8;44
FUN_010152C0,D32,92;1024;32
FUN_010772B0,D32,912;2;904
FUN_010772E0,D32,912;2;908
FUN_010D3260,D16,208;2176;1910
FUN_010D3290,D16,208;2176;1912
FUN_010D32C0,D8,208;128;1914
FUN_010D32F0,D32,208;128;1916
FUN_010D3380,D32,208;128;1928
FUN_010D34D0,D32,208;128;1956
FUN_010D3500,D32,208;128;1960
FUN_010D3530,D32,208;128;1964
FUN_010D3600,D32,208;128;2000
FUN_010D3780,D8,208;512;2852
FUN_010D3DC0,D8,192;32;50008
FUN_010D3E60,D8,192;2048;50388
FUN_010D63D0,D8,208;17;241
FUN_010D6450,D8,208;2112;243
FUN_010D6470,D8,208;2112;244
FUN_010D64F0,D8,208;2112;272
FUN_010D6510,D8,208;2112;273
FUN_010D6530,D32,208;2112;276
FUN_010D6550,D8,208;2112;280
FUN_010D6570,D8,208;2112;281
FUN_010D6590,D8,208;192;369
FUN_010D65B0,D8,208;64;432
FUN_010D65D0,D8,208;64;433
FUN_010D65F0,D8,208;64;434
FUN_010D6610,D8,208;64;435
FUN_010D67F0,D8,208;576;520
FUN_010D6810,D32,208;512;524
FUN_010D6830,D16,208;64;528
FUN_010D6980,D8,208;2112;544
FUN_010D69E0,D32,208;64;552
FUN_010D6B00,D8,208;128;708
FUN_010D6B20,D8,208;128;709
FUN_010D6B40,D16,208;64;446
FUN_010D6BE0,D8,208;128;965
FUN_010D6C00,D8,208;128;968
FUN_010D6C20,D8,208;128;1084
FUN_010D6D60,D8,208;2176;1592
FUN_010D70C0,D8,208;2184;1324
FUN_010D70E0,D8,208;2176;1325
FUN_010D71C0,D8,208;2176;1813
FUN_010D74C0,D8,208;2304;2108
FUN_010D7530,D32,208;512;2364
FUN_010D7550,D8,208;512;2420
FUN_010D7570,D8,208;512;2421
FUN_010D76E0,D8,208;2560;2689
FUN_010DB590,D8,192;80;49404
FUN_010DB5B0,D8,192;80;49405
FUN_010DB5D0,D32,192;80;49408
FUN_010DB5F0,D8,192;80;49412
FUN_010DB640,D8,192;48;49572
FUN_010DB660,D8,192;2064;49573
FUN_010DB680,D32,192;32;49576
FUN_010DB6A0,D32,192;2048;49580
FUN_010DB8D0,D32,192;32;49884
FUN_010DB8F0,D8,192;32;49940
FUN_010DB910,D8,192;32;49941
FUN_010DBA20,D32,192;2048;50264
FUN_010DBA40,D8,192;2048;50320
FUN_010DBA60,D8,192;2048;50321
FUN_0114F820,D32,188;4;104
FUN_0114F940,D8,188;64;168
