stable_id,date,old_status,new_status,commit,owner,reason
FUN_00BB90C0,2026-09-07,UNSEEN,ACTIVE,,coordinator,claimed for pilot linked-chain membership recovery
FUN_00401000,2026-09-07,UNSEEN,ACTIVE,,coordinator,recovered aligned-free wrapper in sequential pass 001
FUN_00401010,2026-09-07,UNSEEN,DISASSEMBLED,,coordinator,full body mapped; exact formatter/window-title contract unresolved
FUN_004010F0,2026-09-07,UNSEEN,DISASSEMBLED,,coordinator,full body mapped; four-argument object semantics unresolved
FUN_004011B0,2026-09-07,UNSEEN,ACTIVE,,coordinator,recovered strided callback loop in sequential pass 001
FUN_004011F0,2026-09-07,UNSEEN,ACTIVE,,coordinator,recovered constant global-address return
FUN_00401200,2026-09-07,UNSEEN,ACTIVE,,coordinator,recovered 16-byte aligned allocation wrapper
FUN_00401210,2026-09-07,UNSEEN,ACTIVE,,coordinator,recovered OutputDebugStringA forwarding wrapper
FUN_00401220,2026-09-07,UNSEEN,ACTIVE,,coordinator,recovered constant false return
FUN_00401230,2026-09-07,UNSEEN,ACTIVE,,coordinator,recovered one-argument no-op callback
FUN_00401240,2026-09-07,UNSEEN,ACTIVE,,coordinator,recovered one-argument no-op callback
FUN_00401250,2026-09-07,UNSEEN,DISASSEMBLED,,coordinator,SteamAPI_RunCallbacks tail thunk identified; platform binding pending
FUN_00401260,2026-09-07,UNSEEN,DISASSEMBLED,,coordinator,SteamAPI_RunCallbacks tail thunk identified; platform binding pending
FUN_00401270,2026-09-07,UNSEEN,DISASSEMBLED,,coordinator,full loop mapped; dependent object/global semantics pending
FUN_00401270,2026-09-08,DISASSEMBLED,FAST_PASS,,coordinator,recovered exact 70-entry XUserWriteAchievements loop with testable global-service bindings
FUN_004012F0,2026-09-08,UNSEEN,FAST_PASS,,coordinator,recovered exact XLive achievement enumeration wrapper and three-argument contract
FUN_004012F0,2026-09-08,FAST_PASS,FAST_PASS_VALIDATED,4c08d86b6bc79dd696e41005c1d8067f907ac13d,coordinator,PR #34 completed 5/5 CI checks
FUN_00401400,2026-09-10,UNSEEN,FAST_PASS,,coordinator,recovered exact thiscall object field equality helper
FUN_00401400,2026-09-10,FAST_PASS,FAST_PASS_VALIDATED,1eee7d9d269efb688d73fe68a950adadf852ef17,coordinator,PR #37 completed 5/5 CI checks
FUN_00401410,2026-09-10,UNSEEN,FAST_PASS,,coordinator,recovered conditional virtual dispatch helper with exact provider-call count and constants
FUN_00401410,2026-09-10,FAST_PASS,FAST_PASS_VALIDATED,e59d7b938e5a89c7ac22fe67d9b3763932f1955f,coordinator,PR #41 completed 5/5 CI checks
FUN_00401470,2026-09-10,UNSEEN,FAST_PASS,,coordinator,recovered provider value query helper with exact return-code split
FUN_00401470,2026-09-10,FAST_PASS,FAST_PASS_VALIDATED,7fe1355428d809d329d36f03efcdaa3837038fb4,coordinator,PR #44 completed 5/5 CI checks
FUN_004014C0,2026-09-10,UNSEEN,FAST_PASS,,coordinator,recovered exact dual polling state helper control flow with bounded waits
FUN_004014C0,2026-09-10,FAST_PASS,FAST_PASS_VALIDATED,fe7c8a1ffaf7406cf0b6308951e51fc6fe8b059c,coordinator,PR #47 completed 5/5 CI checks
FUN_004015D0,2026-09-10,UNSEEN,FAST_PASS,,coordinator,recovered SteamUtils IP-country table mapping with exact aliases and fallback
FUN_004015D0,2026-09-10,FAST_PASS,FAST_PASS_VALIDATED,dd7313c1a11ac14d658391643a018864708e83b5,coordinator,PR #52 completed 5/5 CI checks
FUN_00401640,2026-09-10,UNSEEN,FAST_PASS,,coordinator,recovered exact SteamAPI_Shutdown import tail thunk
FUN_00401640,2026-09-10,FAST_PASS,FAST_PASS_VALIDATED,9083a86ea272cc47131e0585970d5af85ae26c30,coordinator,PR #56 completed 5/5 CI checks
FUN_00401650,2026-09-10,UNSEEN,FAST_PASS,,coordinator,recovered SteamUserStats provider plus exact virtual slot +0x54 one-argument dispatch
FUN_00401650,2026-09-10,FAST_PASS,FAST_PASS_VALIDATED,7e1e0ceb90a6b6c0ea952aa4e10b10529aea6815,coordinator,PR #60 completed 5/5 CI checks
FUN_00401670,2026-09-10,UNSEEN,FAST_PASS,,coordinator,recovered exact Steam achievement clear/store flow with 71-entry API-name table
FUN_00401670,2026-09-10,FAST_PASS,FAST_PASS_VALIDATED,297c08deef41cfded262e60140983c7e4a79130e,coordinator,PR #64 completed 5/5 CI checks
FUN_004016C0,2026-09-10,UNSEEN,FAST_PASS,,coordinator,recovered exact Steam achievement set/store flow with index bound and shared API-name table
FUN_004016C0,2026-09-10,FAST_PASS,FAST_PASS_VALIDATED,3e3bc8c0d57c1db73d2a2863e95878304e436591,coordinator,PR #68 completed 5/5 CI checks
FUN_00401730,2026-09-10,UNSEEN,FAST_PASS,,coordinator,recovered exact 8-byte feedback XOR encode flow and four-argument contract
FUN_00401730,2026-09-10,FAST_PASS,FAST_PASS_VALIDATED,08374a9b5816a2c68257cca6e11ff94048900ab5,coordinator,PR #72 completed 5/5 CI checks
FUN_004017B0,2026-09-10,UNSEEN,FAST_PASS,,coordinator,recovered exact 8-byte feedback XOR decode flow and four-argument contract
FUN_004017B0,2026-09-10,FAST_PASS,FAST_PASS_VALIDATED,0c8605c7ed32910a7229bfd5fcc461352550f239,coordinator,PR #76 completed 5/5 CI checks
FUN_00401830,2026-09-10,UNSEEN,FAST_PASS,,coordinator,recovered exact three-argument byte-range equality helper
FUN_00401830,2026-09-10,FAST_PASS,FAST_PASS_VALIDATED,1b24887d112e06e4772a1e9498ced94a5fdb08f0,coordinator,PR #80 completed 5/5 CI checks
FUN_00401860,2026-09-10,UNSEEN,FAST_PASS,,coordinator,recovered null-guarded one-argument virtual slot +0x04 dispatch; direct caller passes SteamUser()
FUN_00401860,2026-09-10,FAST_PASS,FAST_PASS_VALIDATED,599ed402289c83525ae2e5179fa561a793b87828,coordinator,PR #84 completed 5/5 CI checks
FUN_00401880,2026-09-10,UNSEEN,FAST_PASS,,coordinator,recovered SteamFriends slot +0x00 bounded string copy with forced terminator and return passthrough
FUN_00401880,2026-09-10,FAST_PASS,FAST_PASS_VALIDATED,66be0dd9dc0f2ee3a6dbb47a57bcd83eac79dc46,coordinator,PR #88 completed 5/5 CI checks
FUN_004018C0,2026-09-10,UNSEEN,FAST_PASS,,coordinator,recovered global object probe cached-state helper
FUN_004018C0,2026-09-10,FAST_PASS,FAST_PASS_VALIDATED,0e9144c329c53bc0c61631ed62b39f3ae57a46b2,coordinator,PR #92 completed 5/5 CI checks
FUN_004018F0,2026-09-10,UNSEEN,FAST_PASS,,coordinator,recovered global-object branch dispatch helper preserving cdecl caller cleanup
FUN_004018F0,2026-09-10,FAST_PASS,FAST_PASS_VALIDATED,317a4905877a72743bc03a274bd48ae7eb618b44,coordinator,PR #95 CI passed and merged into integration
FUN_00401910,2026-09-10,UNSEEN,FAST_PASS,,coordinator,recovered global-object cached-state query helper returning secondary status byte
FUN_00401910,2026-09-10,FAST_PASS,FAST_PASS_VALIDATED,c766b4fa8fcdba0ca4373dbb456d3394c361bba2,coordinator,PR #98 CI passed and merged into integration
FUN_00401940,2026-09-10,UNSEEN,FAST_PASS,,coordinator,recovered setter for positive-state byte consumed by FUN_00401910
FUN_00401940,2026-09-10,FAST_PASS,FAST_PASS_VALIDATED,53133307dce23fea0b2c9ea2d91d2089517e2ba0,coordinator,PR #101 CI passed and merged into integration
FUN_00401950,2026-09-10,UNSEEN,FAST_PASS,,coordinator,recovered current-language string classifier with compact id mapping
FUN_00401B50,2026-09-10,UNSEEN,FAST_PASS,,coordinator,recovered awarded-achievement logging and Steam save summary helper
FUN_00401D10,2026-09-10,UNSEEN,FAST_PASS,,coordinator,recovered achievement enumeration wrapper and SteamUserStats refresh before summary
FUN_00401D50,2026-09-10,UNSEEN,FAST_PASS,,coordinator,recovered achievement callback object constructor and Steam stats request path
FUN_00401E30,2026-09-10,UNSEEN,FAST_PASS,,coordinator,recovered lazy singleton allocator for achievement callback object
FUN_00401E60,2026-09-10,UNSEEN,FAST_PASS,,coordinator,recovered platform and Steam initialization gate including relaunch/failure paths and title selection
FUN_00401FE0,2026-09-10,UNSEEN,FAST_PASS,,coordinator,recovered variadic formatting wrapper with fixed 0x800-byte limit
FUN_00402000,2026-09-10,UNSEEN,FAST_PASS,,coordinator,recovered constant global-object thunk block with adjacent 0x98 value thunk
FUN_00402020,2026-09-10,UNSEEN,FAST_PASS,,coordinator,recovered callback slot registration helper with id 0x44D
FUN_00402060,2026-09-10,UNSEEN,FAST_PASS,,coordinator,recovered callback slot registration helper with id 0x44E
FUN_004020A0,2026-09-10,UNSEEN,FAST_PASS,,coordinator,recovered callback slot registration helper with id 0x44F
FUN_00401950,2026-09-10,FAST_PASS,FAST_PASS_VALIDATED,77f4ba534061cfd9a0c23536a1b4ee264341dcee,coordinator,PR #104 CI passed and merged into integration
FUN_00401B50,2026-09-10,FAST_PASS,FAST_PASS_VALIDATED,77f4ba534061cfd9a0c23536a1b4ee264341dcee,coordinator,PR #104 CI passed and merged into integration
FUN_00401D10,2026-09-10,FAST_PASS,FAST_PASS_VALIDATED,77f4ba534061cfd9a0c23536a1b4ee264341dcee,coordinator,PR #104 CI passed and merged into integration
FUN_00401D50,2026-09-10,FAST_PASS,FAST_PASS_VALIDATED,77f4ba534061cfd9a0c23536a1b4ee264341dcee,coordinator,PR #104 CI passed and merged into integration
FUN_00401E30,2026-09-10,FAST_PASS,FAST_PASS_VALIDATED,77f4ba534061cfd9a0c23536a1b4ee264341dcee,coordinator,PR #104 CI passed and merged into integration
FUN_00401E60,2026-09-10,FAST_PASS,FAST_PASS_VALIDATED,77f4ba534061cfd9a0c23536a1b4ee264341dcee,coordinator,PR #104 CI passed and merged into integration
FUN_00401FE0,2026-09-10,FAST_PASS,FAST_PASS_VALIDATED,77f4ba534061cfd9a0c23536a1b4ee264341dcee,coordinator,PR #104 CI passed and merged into integration
FUN_00402000,2026-09-10,FAST_PASS,FAST_PASS_VALIDATED,77f4ba534061cfd9a0c23536a1b4ee264341dcee,coordinator,PR #104 CI passed and merged into integration
FUN_00402020,2026-09-10,FAST_PASS,FAST_PASS_VALIDATED,77f4ba534061cfd9a0c23536a1b4ee264341dcee,coordinator,PR #104 CI passed and merged into integration
FUN_00402060,2026-09-10,FAST_PASS,FAST_PASS_VALIDATED,77f4ba534061cfd9a0c23536a1b4ee264341dcee,coordinator,PR #104 CI passed and merged into integration
FUN_004020A0,2026-09-10,FAST_PASS,FAST_PASS_VALIDATED,77f4ba534061cfd9a0c23536a1b4ee264341dcee,coordinator,PR #104 CI passed and merged into integration
FUN_004020E0,2026-09-10,UNSEEN,FAST_PASS,,coordinator,recovered global value getter at 0x016E1660
FUN_004020F0,2026-09-10,UNSEEN,FAST_PASS,,coordinator,recovered global value getter at 0x016E1690 plus adjacent fixed-address thunk
FUN_00402110,2026-09-10,UNSEEN,FAST_PASS,,coordinator,recovered one-dword thiscall copy helper
FUN_00402120,2026-09-10,UNSEEN,FAST_PASS,,coordinator,recovered aligned allocation thunk through global service slot 0x14
FUN_004020E0,2026-09-11,FAST_PASS,FAST_PASS_VALIDATED,19c486e192b192f890fbd1c9964047d0f23c0fc0,coordinator,PR #107 CI passed and merged into integration
FUN_004020F0,2026-09-11,FAST_PASS,FAST_PASS_VALIDATED,19c486e192b192f890fbd1c9964047d0f23c0fc0,coordinator,PR #107 CI passed and merged into integration
FUN_00402110,2026-09-11,FAST_PASS,FAST_PASS_VALIDATED,19c486e192b192f890fbd1c9964047d0f23c0fc0,coordinator,PR #107 CI passed and merged into integration
FUN_00402120,2026-09-11,FAST_PASS,FAST_PASS_VALIDATED,19c486e192b192f890fbd1c9964047d0f23c0fc0,coordinator,PR #107 CI passed and merged into integration
FUN_00402250,2026-09-11,UNSEEN,FAST_PASS,,coordinator,recovered virtual slot +0x10 value getter and adjacent fixed-address thunk
FUN_00402270,2026-09-11,UNSEEN,FAST_PASS,,coordinator,recovered external tail-jump thunk to 0x012519D0
FUN_00402280,2026-09-11,UNSEEN,FAST_PASS,,coordinator,recovered global value getter at 0x016E1D3C
FUN_00402290,2026-09-11,UNSEEN,FAST_PASS,,coordinator,recovered vtable-like setter before external tail-jump
FUN_004022A0,2026-09-11,UNSEEN,FAST_PASS,,coordinator,recovered four-byte initializer helper with observed stack argument order
FUN_004022C0,2026-09-11,UNSEEN,FAST_PASS,,coordinator,recovered zero dword initializer helper
FUN_004022D0,2026-09-11,UNSEEN,FAST_PASS,,coordinator,recovered reference-counted pointer copy helper
FUN_00402250,2026-09-11,FAST_PASS,FAST_PASS_VALIDATED,8f6e0402465cc2cd939fe144c9e5dd3a97f08140,coordinator,PR #110 CI passed and merged into integration
FUN_00402270,2026-09-11,FAST_PASS,FAST_PASS_VALIDATED,8f6e0402465cc2cd939fe144c9e5dd3a97f08140,coordinator,PR #110 CI passed and merged into integration
FUN_00402280,2026-09-11,FAST_PASS,FAST_PASS_VALIDATED,8f6e0402465cc2cd939fe144c9e5dd3a97f08140,coordinator,PR #110 CI passed and merged into integration
FUN_00402290,2026-09-11,FAST_PASS,FAST_PASS_VALIDATED,8f6e0402465cc2cd939fe144c9e5dd3a97f08140,coordinator,PR #110 CI passed and merged into integration
FUN_004022A0,2026-09-11,FAST_PASS,FAST_PASS_VALIDATED,8f6e0402465cc2cd939fe144c9e5dd3a97f08140,coordinator,PR #110 CI passed and merged into integration
FUN_004022C0,2026-09-11,FAST_PASS,FAST_PASS_VALIDATED,8f6e0402465cc2cd939fe144c9e5dd3a97f08140,coordinator,PR #110 CI passed and merged into integration
FUN_004022D0,2026-09-11,FAST_PASS,FAST_PASS_VALIDATED,8f6e0402465cc2cd939fe144c9e5dd3a97f08140,coordinator,PR #110 CI passed and merged into integration
FUN_004022F0,2026-09-11,UNSEEN,FAST_PASS,,coordinator,recovered object string compare plus null-object one-byte fallback compare
FUN_00402350,2026-09-11,UNSEEN,FAST_PASS,,coordinator,recovered null-safe indirect dword getter
FUN_00402360,2026-09-11,UNSEEN,FAST_PASS,,coordinator,recovered reference-counted string constructor and allocator contract
FUN_004023E0,2026-09-11,UNSEEN,FAST_PASS,,coordinator,recovered reference-counted string release and free contract
FUN_004022F0,2026-09-11,FAST_PASS,FAST_PASS_VALIDATED,b1399de267185fea546263fd38f3e9d0b9d080fb,coordinator,PR #113 completed 5/5 CI checks
FUN_00402350,2026-09-11,FAST_PASS,FAST_PASS_VALIDATED,b1399de267185fea546263fd38f3e9d0b9d080fb,coordinator,PR #113 completed 5/5 CI checks
FUN_00402360,2026-09-11,FAST_PASS,FAST_PASS_VALIDATED,b1399de267185fea546263fd38f3e9d0b9d080fb,coordinator,PR #113 completed 5/5 CI checks
FUN_004023E0,2026-09-11,FAST_PASS,FAST_PASS_VALIDATED,b1399de267185fea546263fd38f3e9d0b9d080fb,coordinator,PR #113 completed 5/5 CI checks
FUN_00402420,2026-09-11,UNSEEN,FAST_PASS,,coordinator,recovered exact refcounted string data/fallback pointer accessor
FUN_00402430,2026-09-11,UNSEEN,FAST_PASS,,coordinator,recovered refcounted string replacement flow using release plus constructor
FUN_00402420,2026-09-11,FAST_PASS,FAST_PASS_VALIDATED,8bdecce74f104bf1b74a6d65093238f93e9a2b06,coordinator,PR #120 completed 5/5 CI checks
FUN_00402430,2026-09-11,FAST_PASS,FAST_PASS_VALIDATED,8bdecce74f104bf1b74a6d65093238f93e9a2b06,coordinator,PR #120 completed 5/5 CI checks
FUN_00402480,2026-09-16,UNSEEN,FAST_PASS,,coordinator,recovered aligned allocation wrapper through service slot +0x14
FUN_004024A0,2026-09-16,UNSEEN,FAST_PASS,,coordinator,recovered global value getter at 0x016E201C
FUN_004024B0,2026-09-16,UNSEEN,FAST_PASS,,coordinator,recovered reverse-order element callback loop
FUN_00402480,2026-09-16,FAST_PASS,FAST_PASS_VALIDATED,722b668fc9170a05df96a2238a30a70b11799a04,coordinator,PR #125 completed 5/5 CI checks
FUN_004024A0,2026-09-16,FAST_PASS,FAST_PASS_VALIDATED,722b668fc9170a05df96a2238a30a70b11799a04,coordinator,PR #125 completed 5/5 CI checks
FUN_004024B0,2026-09-16,FAST_PASS,FAST_PASS_VALIDATED,722b668fc9170a05df96a2238a30a70b11799a04,coordinator,PR #125 completed 5/5 CI checks
FUN_00402560,2026-09-16,UNSEEN,FAST_PASS,,coordinator,recovered recursive node count/log traversal
FUN_004025D0,2026-09-16,UNSEEN,FAST_PASS,,coordinator,recovered recursive node collector
FUN_00402640,2026-09-16,UNSEEN,FAST_PASS,,coordinator,recovered global table name lookup predicate
FUN_00402560,2026-09-16,FAST_PASS,FAST_PASS_VALIDATED,84aa50cb2b3d99f7448585399dfebd9bc7fd8ad1,coordinator,PR #128 completed 5/5 CI checks
FUN_004025D0,2026-09-16,FAST_PASS,FAST_PASS_VALIDATED,84aa50cb2b3d99f7448585399dfebd9bc7fd8ad1,coordinator,PR #128 completed 5/5 CI checks
FUN_00402640,2026-09-16,FAST_PASS,FAST_PASS_VALIDATED,84aa50cb2b3d99f7448585399dfebd9bc7fd8ad1,coordinator,PR #128 completed 5/5 CI checks
FUN_004026C0,2026-09-17,UNSEEN,FAST_PASS,,coordinator,recovered global table value lookup predicate
FUN_00402770,2026-09-17,UNSEEN,FAST_PASS,,coordinator,recovered string-length based formatter request wrapper
FUN_004026C0,2026-09-17,FAST_PASS,FAST_PASS_VALIDATED,7639917d679a175de376f8ecad058ebe2134e57b,coordinator,PR #131 completed 5/5 CI checks
FUN_00402770,2026-09-17,FAST_PASS,FAST_PASS_VALIDATED,7639917d679a175de376f8ecad058ebe2134e57b,coordinator,PR #131 completed 5/5 CI checks
FUN_00402B10,2026-09-17,UNSEEN,FAST_PASS,,coordinator,recovered recursive node/table registration pass with reset key and capacity guard
FUN_00402B10,2026-09-17,FAST_PASS,FAST_PASS_VALIDATED,228fad0be7717a8cc6c608e9f62d24ea8bcae2d9,coordinator,PR #134 completed 5/5 CI checks
FUN_00402DF0,2026-09-17,UNSEEN,FAST_PASS,,coordinator,recovered formatted registry dispatch wrapper
FUN_00402E70,2026-09-17,UNSEEN,FAST_PASS,,coordinator,recovered list iterator/state-machine label selector
FUN_00402DF0,2026-09-17,FAST_PASS,FAST_PASS_VALIDATED,e466239131346228999c79d716657d2acf879b44,coordinator,PR #137 completed 5/5 CI checks
FUN_00402E70,2026-09-17,FAST_PASS,FAST_PASS_VALIDATED,e466239131346228999c79d716657d2acf879b44,coordinator,PR #137 completed 5/5 CI checks
FUN_00402FC0,2026-09-17,UNSEEN,FAST_PASS,,coordinator,recovered four-state registry dispatch machine
FUN_00402FC0,2026-09-17,FAST_PASS,FAST_PASS_VALIDATED,293d8b620d8a16280086759a84d7cf1d189daf1d,coordinator,PR #140 completed 5/5 CI checks
FUN_00403150,2026-09-17,UNSEEN,FAST_PASS,,coordinator,recovered recursive resource walker
FUN_00403150,2026-09-17,FAST_PASS,FAST_PASS_VALIDATED,c64e2e7f3925df4ef68efed1987e41c316297251,coordinator,PR #143 completed 5/5 CI checks
FUN_00403640,2026-09-17,UNSEEN,FAST_PASS,,coordinator,recovered registry-backed recursive resource binder
FUN_00403640,2026-09-17,FAST_PASS,FAST_PASS_VALIDATED,45f9248df51f4d95e028176cbbded6f3c3ac76e6,coordinator,PR #146 completed 5/5 CI checks
FUN_00403AF0,2026-09-21,UNSEEN,FAST_PASS,,coordinator,recovered registry-table resource scanner
FUN_00403AF0,2026-09-21,FAST_PASS,FAST_PASS_VALIDATED,2c378d4a85eaf4a69c4c8b8a57ed5faf748dc1e7,coordinator,PR #149 completed 5/5 CI checks
FUN_00403F50,2026-09-21,UNSEEN,FAST_PASS,,coordinator,recovered resource scan batch initializer
FUN_00403F50,2026-09-21,FAST_PASS,FAST_PASS_VALIDATED,78cc0075ff03ceb013705dfa6f89ce7127af9042,coordinator,PR #152 completed 5/5 CI checks
FUN_00404E60,2026-09-21,UNSEEN,FAST_PASS,,coordinator,recovered effect resource scan dispatcher
FUN_00404E60,2026-09-21,FAST_PASS,FAST_PASS_VALIDATED,7359d058e7efc9439775808672cabdc819aa4989,coordinator,PR #155 completed 5/5 CI checks
FUN_00404F90,2026-09-21,UNSEEN,FAST_PASS,,coordinator,recovered table registration candidate block
FUN_00404F90,2026-09-21,FAST_PASS,FAST_PASS_VALIDATED,5e4fd0b32f2c9270ca6804447812a2cda6c7ee15,coordinator,PR #158 completed 5/5 CI checks
FUN_00405710,2026-09-21,UNSEEN,FAST_PASS,,coordinator,recovered guarded request child registration pass
FUN_00405BD0,2026-09-21,UNSEEN,FAST_PASS,,coordinator,recovered message resource registration pass with early cleanup path and state restoration
FUN_00405BD0,2026-09-21,FAST_PASS,FAST_PASS_VALIDATED,1c4a6cb58619689f43afab899afc5f824e048226,coordinator,PR #162 completed 5/5 CI checks
FUN_00405DF0,2026-09-21,UNSEEN,FAST_PASS,,coordinator,recovered message-resource registration batch with exact nine-entry table cancel cleanup and global state restoration
FUN_00405DF0,2026-09-21,FAST_PASS,FAST_PASS_VALIDATED,151ee48c5f3ef44c0d32e0006373e7c0bee98be2,coordinator,PR #164 completed 5/5 CI checks
FUN_00405A60,2026-09-21,UNSEEN,FAST_PASS,,coordinator,recovered static six-entry resource registration pass with archive preflight early cancel and loading-state restoration
FUN_00405A60,2026-09-21,FAST_PASS,FAST_PASS_VALIDATED,4ff96307fac4ebb8a4481f79e1cc9f81df22c1e1,coordinator,PR #169 completed 5/5 CI checks
FUN_00405930,2026-09-21,UNSEEN,FAST_PASS,,coordinator,recovered three-state node conversion worker with allocation and early-return coverage
FUN_004064E0,2026-09-21,UNSEEN,FAST_PASS,,coordinator,recovered 33-byte GameResource forwarding wrapper with exact selector archive literal table tokens and counts
FUN_004064E0,2026-09-21,FAST_PASS,FAST_PASS_VALIDATED,dcbf0ac0fa50d1581f9eb3396910d980fff510d9,coordinator,PR #174 completed 5/5 CI checks
FUN_00406010,2026-09-22,UNSEEN,FAST_PASS,,coordinator,recovered recursive convertDir walker with extension-token filtering and suppressor-aware registration
FUN_00406010,2026-09-22,FAST_PASS,FAST_PASS_VALIDATED,5b516c943a6e225d66638905842d332586889ff8,coordinator,PR #176 completed 5/5 CI checks
FUN_00406510,2026-09-21,UNSEEN,FAST_PASS,,coordinator,recovered 33-byte ShowGameResource forwarding wrapper with exact selector archive literal table tokens and counts
FUN_00406510,2026-09-21,FAST_PASS,FAST_PASS_VALIDATED,d9a8c5100d3850bd1445b96dea555f0e2aa0327c,coordinator,PR #180 completed 5/5 CI checks
FUN_004061F0,2026-09-21,UNSEEN,FAST_PASS,,coordinator,recovered generalized archive resource registration helper with conditional indexed resolution two tables early cleanup and state restoration
FUN_00405930,2026-09-21,FAST_PASS,FAST_PASS_VALIDATED,b4481a234514e9e47f863d2f33072b3a8bf86473,coordinator,PR #172 completed 5/5 CI checks
FUN_00406540,2026-09-22,UNSEEN,FAST_PASS,,coordinator,recovered Game2Resource forwarding wrapper with exact archive literal and 2/5 table tokens
FUN_00406540,2026-09-22,FAST_PASS,FAST_PASS_VALIDATED,90444724ef6040379b990c1c6c4116bf910bd0a0,coordinator,PR #184 completed 5/5 CI checks
FUN_004061F0,2026-09-22,FAST_PASS,FAST_PASS_VALIDATED,0a08af19efbd4c5387706ab5b6178537e73adfdc,coordinator,PR #181 completed 5/5 CI checks
FUN_00406570,2026-09-22,UNSEEN,FAST_PASS,,coordinator,recovered TitleResource registration wrapper with marker log and exact 24-entry direct table forwarding contract
FUN_00406570,2026-09-22,FAST_PASS,FAST_PASS_VALIDATED,ee9c21c57dba196b881d2c7df84235ffd826e327,coordinator,PR #190 completed 5/5 CI checks
FUN_004065A0,2026-09-21,UNSEEN,FAST_PASS,,coordinator,recovered 42-byte Title2Resource wrapper with exact diagnostic marker fixed -1 selector and two-entry direct table
FUN_004065A0,2026-09-21,FAST_PASS,FAST_PASS_VALIDATED,6d8f0b34fedac6e2400375631e22356d10da8aad,coordinator,PR #194 completed 5/5 CI checks
FUN_004065D0,2026-09-22,UNSEEN,FAST_PASS,,coordinator,recovered ShowTitleResource forwarding wrapper with diagnostic marker and exact five-entry direct table contract
FUN_004065D0,2026-09-22,FAST_PASS,FAST_PASS_VALIDATED,2a22e0775881a21fc167cd6384ee3dd6ba6d376f,coordinator,PR #197 completed 5/5 CI checks
FUN_00406600,2026-09-22,UNSEEN,FAST_PASS,,coordinator,recovered MenuResource fixed -1 forwarding wrapper with exact 22-entry direct table and no resolved entries
FUN_00406600,2026-09-22,FAST_PASS,FAST_PASS_VALIDATED,e621a22d8b0a03c3a07335092353c68d71446ba5,coordinator,PR #199 completed 5/5 CI checks
FUN_00406620,2026-09-22,UNSEEN,FAST_PASS,,coordinator,recovered Menu2Resource fixed forwarding wrapper with exact direct-table constants
FUN_00406620,2026-09-22,FAST_PASS,FAST_PASS_VALIDATED,f605689055793132eb06275b0bb942ebd60c6448,coordinator,PR #202 completed 5/5 CI checks
FUN_004066C0,2026-09-22,UNSEEN,FAST_PASS,,coordinator,recovered VersusResource fixed -1 forwarding wrapper with exact nine-entry direct table and no resolved entries
FUN_00406680,2026-09-22,UNSEEN,FAST_PASS,,coordinator,recovered ShopResource fixed -1 forwarding wrapper with exact three-entry direct table
FUN_00406680,2026-09-22,FAST_PASS,FAST_PASS_VALIDATED,deb873467afe1ac8f226aff7ad064de075b80f72,coordinator,PR #205 completed 5/5 CI checks
FUN_004066C0,2026-09-22,FAST_PASS,FAST_PASS_VALIDATED,c80b30865fe79ac232f63b7add9f60e023eb0f04,coordinator,PR #206 completed 5/5 CI checks
FUN_004066E0,2026-09-22,UNSEEN,FAST_PASS,,coordinator,recovered MerceResource fixed -1 forwarding wrapper with exact eight-entry direct table and no resolved entries
FUN_004066E0,2026-09-22,FAST_PASS,FAST_PASS_VALIDATED,454d328671f10c83db6468366bcd883f5e36dfc1,coordinator,PR #214 completed 5/5 CI checks
FUN_00406700,2026-09-22,UNSEEN,FAST_PASS,,coordinator,recovered Extra1Resource fixed forwarding wrapper with exact twenty-entry direct table
FUN_00406700,2026-09-22,FAST_PASS,FAST_PASS_VALIDATED,078533e7820d6be8eae6e34b4ea0926fed6bb813,coordinator,PR #216 completed 5/5 CI checks
FUN_00406720,2026-09-22,UNSEEN,FAST_PASS,,coordinator,recovered Extra2Resource forwarding wrapper with exact eighteen-entry direct table contract
FUN_00406720,2026-09-22,FAST_PASS,FAST_PASS_VALIDATED,b65ff831479bd90734afe6e340bc9bc5de44efe4,coordinator,PR #220 completed 5/5 CI checks
FUN_00406740,2026-09-21,UNSEEN,FAST_PASS,,coordinator,recovered Extra1End fixed -1 forwarding wrapper with exact two-entry direct table and no resolved entries
FUN_00406740,2026-09-22,FAST_PASS,FAST_PASS_VALIDATED,75f0b7999fde8a65f2c106e3c873cd71f82c17bf,coordinator,PR #224 completed 5/5 CI checks
FUN_00406760,2026-09-22,UNSEEN,FAST_PASS,,coordinator,recovered Extra2End fixed forwarding wrapper with exact two-entry direct table
FUN_00406760,2026-09-22,FAST_PASS,FAST_PASS_VALIDATED,57ba3a7e04f95c9f2fdec0c74a37217c6181ed03,coordinator,PR #227 completed 5/5 CI checks
FUN_00406780,2026-09-22,UNSEEN,FAST_PASS,,coordinator,recovered Merce2Resource fixed -1 forwarding wrapper with exact thirteen-entry direct table and no resolved table
FUN_00406780,2026-09-22,FAST_PASS,FAST_PASS_VALIDATED,db9265f2aaee5f0aa0fe09d50d6f24fba0438721,coordinator,PR #231 completed 5/5 CI checks
FUN_004067A0,2026-09-22,UNSEEN,FAST_PASS,,coordinator,recovered RecordResource fixed -1 forwarding wrapper with exact one-entry direct table
FUN_004067A0,2026-09-22,FAST_PASS,FAST_PASS_VALIDATED,a88b1c0edb4daf65e5c3084de7f3be80f6dab705,coordinator,PR #234 completed 5/5 CI checks
FUN_004067C0,2026-09-22,UNSEEN,FAST_PASS,,coordinator,recovered ViewerResource forwarding wrapper from exact executable
FUN_004067C0,2026-09-22,FAST_PASS,FAST_PASS_VALIDATED,6917f76e646a628bb0f37e8058a60dd809597bff,coordinator,PR #237 completed 5/5 CI checks
FUN_00406800,2026-09-22,UNSEEN,FAST_PASS,,coordinator,recovered CreditResource fixed forwarding wrapper with exact one-entry direct table
FUN_00406800,2026-09-22,FAST_PASS,FAST_PASS_VALIDATED,9da285639e5c25b3ecae05cce4d6affb4c3551d8,coordinator,PR #241 completed 5/5 CI checks
FUN_00406820,2026-09-22,UNSEEN,FAST_PASS,,coordinator,recovered Credit2Resource fixed -1 forwarding wrapper with exact one-entry direct table contract
FUN_00406820,2026-09-22,FAST_PASS,FAST_PASS_VALIDATED,69e69f78cb6b7d4f012a85532761d54079496ddc,coordinator,PR #247 completed 5/5 CI checks
FUN_004067E0,2026-09-22,UNSEEN,FAST_PASS,,coordinator,recovered FigureResource fixed -1 forwarding wrapper with exact seven-entry direct table
FUN_004067E0,2026-09-22,FAST_PASS,FAST_PASS_VALIDATED,b5cc90ae5739aceb7736c277ed995c4428b05e9d,coordinator,PR #251 completed 5/5 CI checks
FUN_00406840,2026-09-23,UNSEEN,FAST_PASS,,coordinator,recovered indexed ChapterEnd forwarding wrapper from exact executable
FUN_00406840,2026-09-23,FAST_PASS,FAST_PASS_VALIDATED,b0f0b97ba37b698442aa4f633d25d0224ff7e4df,coordinator,PR #254 completed 5/5 CI checks
FUN_004068A0,2026-09-23,UNSEEN,FAST_PASS,,coordinator,recovered indexed MerceResult01-08 forwarding wrapper with exact archive and direct-table selection
FUN_004068D0,2026-09-23,UNSEEN,FAST_PASS,,coordinator,recovered BenchResource fixed -1 forwarding wrapper with exact two-entry direct table contract
FUN_004068D0,2026-09-23,FAST_PASS,FAST_PASS_VALIDATED,01b3f7d87e7191756b4e5e66d811c0ede6271435,coordinator,PR #259 completed 5/5 CI checks
FUN_004068A0,2026-09-23,FAST_PASS,FAST_PASS_VALIDATED,a0cec16270a4e13adda6a3b5eaae97cf3339e59f,coordinator,PR #257 completed 5/5 CI checks
FUN_00406870,2026-09-23,UNSEEN,FAST_PASS,,coordinator,recovered VersusResult01-08 selector wrapper with exact eight-name pointer table and two-entry direct tables
FUN_00406870,2026-09-23,FAST_PASS,FAST_PASS_VALIDATED,863d3bda66c16a0d604d0c018774a995cf367202,coordinator,PR #264 completed 5/5 CI checks
FUN_00406910,2026-09-23,UNSEEN,FAST_PASS,,coordinator,recovered guarded Merce-DC stage conversion worker from exact executable
FUN_00406910,2026-09-23,FAST_PASS,FAST_PASS_VALIDATED,53ba2d7dcdecb1a52dfdd681be37be4fc55c1312,coordinator,PR #268 completed 5/5 CI checks
FUN_00406B20,2026-09-23,UNSEEN,FAST_PASS,,coordinator,recovered LoadResource batch coordinator with exact 13-entry table and trailing eleven message-group loads
FUN_00406B20,2026-09-23,FAST_PASS,FAST_PASS_VALIDATED,b51a130253c16de340197c07678465cce5949dbf,coordinator,PR #271 completed 5/5 CI checks
FUN_00406CA0,2026-09-23,UNSEEN,FAST_PASS,,coordinator,recovered Game2Resource eleven-message forwarding loop from exact executable
FUN_00406CA0,2026-09-23,FAST_PASS,FAST_PASS_VALIDATED,ad914d99e95aa5e4f265a17259963e24f559fe28,coordinator,PR #275 completed 5/5 CI checks
FUN_00406CD0,2026-09-23,UNSEEN,FAST_PASS,,coordinator,recovered marker-led eight-group resource registration batch from exact executable
FUN_00406CD0,2026-09-23,FAST_PASS,FAST_PASS_VALIDATED,d39120c06f32d9e60da410be5db3245159ed471f,coordinator,PR #278 completed 5/5 CI checks
FUN_00406DB0,2026-09-23,UNSEEN,FAST_PASS,,coordinator,recovered resource bootstrap sequence from exact executable
FUN_00406DB0,2026-09-23,FAST_PASS,FAST_PASS_VALIDATED,4076aba392ce43cbd9ba03b4fb01f1007f5b281b,coordinator,PR #281 completed 5/5 CI checks
FUN_00407250,2026-09-23,UNSEEN,FAST_PASS,,coordinator,recovered exact 44-call resource dispatch coordinator for GameResource result families and BenchResource
FUN_00407250,2026-09-23,FAST_PASS,FAST_PASS_VALIDATED,747cc4743b97b72a55a5eaaf273b0295c06095de,coordinator,PR #285 completed 5/5 CI checks
FUN_00407A30,2026-09-23,UNSEEN,FAST_PASS,,coordinator,recovered this+0x28 resource-conversion phase helper with exact marker state transitions and state-3 manager dispatch
FUN_00407A30,2026-09-23,FAST_PASS,FAST_PASS_VALIDATED,02ea4ec3c99dbe6bd66627500f0e6b1eacee48be,coordinator,PR #289 completed 5/5 CI checks
FUN_00407AF0,2026-09-23,UNSEEN,FAST_PASS,,coordinator,recovered RTTI-proven std::bad_alloc copy constructor wrapper from exact executable
FUN_00407AF0,2026-09-23,FAST_PASS,FAST_PASS_VALIDATED,3202f2336d2e23f4ce8873d2e7ed015152207d6e,coordinator,PR #297 completed 5/5 CI checks
FUN_00407B10,2026-09-23,UNSEEN,FAST_PASS,,coordinator,recovered exact two-flag EnterCriticalSection wrapper and native inactive early return
FUN_00407B10,2026-09-23,FAST_PASS,FAST_PASS_VALIDATED,64da44362c17fac4ef011d3718e8e765db8efa8a,coordinator,PR #303 completed 5/5 CI checks
FUN_00407C00,2026-09-24,UNSEEN,FAST_PASS,,coordinator,recovered exact linked-chain key lookup returning owner on matching +0x04 key
FUN_00407C00,2026-09-24,FAST_PASS,FAST_PASS_VALIDATED,6462ab5c952ac1fca1856ea487ab744654d8327c,coordinator,PR #311 completed 5/5 CI checks
FUN_00407A70,2026-09-24,UNSEEN,FAST_PASS,,coordinator,recovered exact null-guarded four-byte-element count helper over this+0x04/0x08
FUN_00407A70,2026-09-24,FAST_PASS,FAST_PASS_VALIDATED,fd067180d12ea934b9e3ec6777d66942fcb4843a,coordinator,PR #324 completed 5/5 CI checks
FUN_00407B30,2026-09-24,UNSEEN,FAST_PASS,,coordinator,recovered exact two-flag LeaveCriticalSection wrapper and native inactive early return
FUN_00407B30,2026-09-24,FAST_PASS,FAST_PASS_VALIDATED,76d349e06a438ce36a15b80189ec3af4e5059a02,coordinator,PR #326 completed 5/5 CI checks
FUN_00407A90,2026-09-24,UNSEEN,FAST_PASS,,coordinator,recovered 16-byte aligned allocation adapter with exact std::bad_alloc metadata path
