symbol,kind,parameters,size,sha256,direct_calls
FUN_00688D60,store,24;920;4;7248;1,20,013e005a5029bd575dbc5c92a017175687e9de027ba8aeb88f09109e7451bf76,
FUN_0069B370,store,28;920;4;7248;1,20,03ed36a89e1976a40e4d5cf0bdb359544810f53afe8b050929d4d6be8b495a56,
FUN_0069B390,store,28;920;4;7248;1,20,03ed36a89e1976a40e4d5cf0bdb359544810f53afe8b050929d4d6be8b495a56,
FUN_0069B680,store,28;920;4;7248;1,20,03ed36a89e1976a40e4d5cf0bdb359544810f53afe8b050929d4d6be8b495a56,
FUN_0069B9A0,store,28;920;4;7248;1,20,03ed36a89e1976a40e4d5cf0bdb359544810f53afe8b050929d4d6be8b495a56,
FUN_006AA340,store,28;920;4;7248;1,20,03ed36a89e1976a40e4d5cf0bdb359544810f53afe8b050929d4d6be8b495a56,
FUN_006D3340,store,28;920;4;7248;1,20,03ed36a89e1976a40e4d5cf0bdb359544810f53afe8b050929d4d6be8b495a56,
FUN_006D3370,store,28;920;4;7248;1,20,03ed36a89e1976a40e4d5cf0bdb359544810f53afe8b050929d4d6be8b495a56,
FUN_006D35F0,store,28;920;4;7248;1,20,03ed36a89e1976a40e4d5cf0bdb359544810f53afe8b050929d4d6be8b495a56,
FUN_006D3D20,store,28;920;4;7899;1,20,082a33217ac4a379c06fd196f30c198f7e51fe46f78d5542e2af04e83a1cd7b3,
FUN_006DBD90,store,32;920;4;7248;1,20,ab3382784f6f080fdedb4c22648577b2f42b359c091a8d53ec8610abcccfd389,
FUN_006DBE70,store,32;920;4;7248;1,20,ab3382784f6f080fdedb4c22648577b2f42b359c091a8d53ec8610abcccfd389,
FUN_006DC010,store,32;920;4;7248;1,20,ab3382784f6f080fdedb4c22648577b2f42b359c091a8d53ec8610abcccfd389,
FUN_006DC140,store,32;920;4;7248;1,20,ab3382784f6f080fdedb4c22648577b2f42b359c091a8d53ec8610abcccfd389,
FUN_006F1460,store,32;920;4;7248;1,20,ab3382784f6f080fdedb4c22648577b2f42b359c091a8d53ec8610abcccfd389,
FUN_006FFDE0,store,28;920;4;7248;1,20,03ed36a89e1976a40e4d5cf0bdb359544810f53afe8b050929d4d6be8b495a56,
FUN_00700040,store,28;920;4;7248;1,20,03ed36a89e1976a40e4d5cf0bdb359544810f53afe8b050929d4d6be8b495a56,
FUN_007009F0,store,28;920;4;7248;1,20,03ed36a89e1976a40e4d5cf0bdb359544810f53afe8b050929d4d6be8b495a56,
FUN_00707AE0,store,24;920;4;7248;1,20,013e005a5029bd575dbc5c92a017175687e9de027ba8aeb88f09109e7451bf76,
FUN_00707BD0,store,24;920;4;7248;1,20,013e005a5029bd575dbc5c92a017175687e9de027ba8aeb88f09109e7451bf76,
FUN_00707C00,store,24;920;4;7248;1,20,013e005a5029bd575dbc5c92a017175687e9de027ba8aeb88f09109e7451bf76,
FUN_00708390,store,24;920;4;7248;1,20,013e005a5029bd575dbc5c92a017175687e9de027ba8aeb88f09109e7451bf76,
FUN_007162C0,store,28;920;4;7248;1,20,03ed36a89e1976a40e4d5cf0bdb359544810f53afe8b050929d4d6be8b495a56,
FUN_00716540,store,28;920;4;7248;1,20,03ed36a89e1976a40e4d5cf0bdb359544810f53afe8b050929d4d6be8b495a56,
FUN_007165D0,store,28;920;4;7248;1,20,03ed36a89e1976a40e4d5cf0bdb359544810f53afe8b050929d4d6be8b495a56,
FUN_00716A50,store,28;920;4;7248;1,20,03ed36a89e1976a40e4d5cf0bdb359544810f53afe8b050929d4d6be8b495a56,
FUN_00716BD0,store,28;920;4;7248;1,20,03ed36a89e1976a40e4d5cf0bdb359544810f53afe8b050929d4d6be8b495a56,
FUN_0071FDE0,store,116;920;4;7248;1,20,77232d15b5dad60f0905ac06a4096928d153df57e04b0d7c14a449ecb51e0ad8,
FUN_007279E0,store,28;920;4;7248;1,20,03ed36a89e1976a40e4d5cf0bdb359544810f53afe8b050929d4d6be8b495a56,
FUN_0072CFD0,store,28;920;4;7248;1,20,03ed36a89e1976a40e4d5cf0bdb359544810f53afe8b050929d4d6be8b495a56,
FUN_0072CFF0,store,28;920;4;7248;1,20,03ed36a89e1976a40e4d5cf0bdb359544810f53afe8b050929d4d6be8b495a56,
FUN_0072D010,store,28;920;4;7248;1,20,03ed36a89e1976a40e4d5cf0bdb359544810f53afe8b050929d4d6be8b495a56,
FUN_0072E440,store,24;920;4;7248;1,20,013e005a5029bd575dbc5c92a017175687e9de027ba8aeb88f09109e7451bf76,
FUN_00731000,store,24;920;4;7248;1,20,013e005a5029bd575dbc5c92a017175687e9de027ba8aeb88f09109e7451bf76,
FUN_00735680,store,24;920;4;7248;1,20,013e005a5029bd575dbc5c92a017175687e9de027ba8aeb88f09109e7451bf76,
FUN_00737460,store,28;920;4;7248;1,20,03ed36a89e1976a40e4d5cf0bdb359544810f53afe8b050929d4d6be8b495a56,
FUN_00739E90,store,24;920;4;7248;1,20,013e005a5029bd575dbc5c92a017175687e9de027ba8aeb88f09109e7451bf76,
FUN_0073B090,store,24;920;4;7248;1,20,013e005a5029bd575dbc5c92a017175687e9de027ba8aeb88f09109e7451bf76,
FUN_0073E320,store,24;920;4;7248;1,20,013e005a5029bd575dbc5c92a017175687e9de027ba8aeb88f09109e7451bf76,
FUN_0073E350,store,24;920;4;7248;1,20,013e005a5029bd575dbc5c92a017175687e9de027ba8aeb88f09109e7451bf76,
FUN_0073E440,store,24;920;4;7248;1,20,013e005a5029bd575dbc5c92a017175687e9de027ba8aeb88f09109e7451bf76,
FUN_0073FF00,store,24;920;4;7248;1,20,013e005a5029bd575dbc5c92a017175687e9de027ba8aeb88f09109e7451bf76,
FUN_00787A40,store,28;920;4;7248;1,20,03ed36a89e1976a40e4d5cf0bdb359544810f53afe8b050929d4d6be8b495a56,
FUN_007941A0,store,48;920;4;7248;1,20,ee180c293070b367d9bb051e0c31e9e5a3be9032abe47315cf3d874ffe807aaf,
FUN_00794260,store,48;920;4;7248;1,20,ee180c293070b367d9bb051e0c31e9e5a3be9032abe47315cf3d874ffe807aaf,
FUN_007942C0,store,48;920;4;7248;1,20,ee180c293070b367d9bb051e0c31e9e5a3be9032abe47315cf3d874ffe807aaf,
FUN_00797710,store,28;920;4;7248;1,20,03ed36a89e1976a40e4d5cf0bdb359544810f53afe8b050929d4d6be8b495a56,
FUN_00A758E0,store,28;920;4;7248;1,20,03ed36a89e1976a40e4d5cf0bdb359544810f53afe8b050929d4d6be8b495a56,
FUN_00A75900,store,28;920;4;7248;1,20,03ed36a89e1976a40e4d5cf0bdb359544810f53afe8b050929d4d6be8b495a56,
FUN_00A75930,store,28;920;4;7248;1,20,03ed36a89e1976a40e4d5cf0bdb359544810f53afe8b050929d4d6be8b495a56,
FUN_00A75950,store,28;920;4;7248;1,20,03ed36a89e1976a40e4d5cf0bdb359544810f53afe8b050929d4d6be8b495a56,
FUN_00A75970,store,28;920;4;7248;1,20,03ed36a89e1976a40e4d5cf0bdb359544810f53afe8b050929d4d6be8b495a56,
FUN_00A75990,store,28;920;4;7248;1,20,03ed36a89e1976a40e4d5cf0bdb359544810f53afe8b050929d4d6be8b495a56,
FUN_00A759B0,store,28;920;4;7248;1,20,03ed36a89e1976a40e4d5cf0bdb359544810f53afe8b050929d4d6be8b495a56,
FUN_00A759D0,store,28;920;4;7248;1,20,03ed36a89e1976a40e4d5cf0bdb359544810f53afe8b050929d4d6be8b495a56,
FUN_00A75BE0,store,28;920;4;7248;1,20,03ed36a89e1976a40e4d5cf0bdb359544810f53afe8b050929d4d6be8b495a56,
FUN_00A772B0,store,28;920;4;7248;1,20,03ed36a89e1976a40e4d5cf0bdb359544810f53afe8b050929d4d6be8b495a56,
FUN_00A78030,store,28;920;4;7248;1,20,03ed36a89e1976a40e4d5cf0bdb359544810f53afe8b050929d4d6be8b495a56,
FUN_00A78770,store,28;920;4;7248;1,20,03ed36a89e1976a40e4d5cf0bdb359544810f53afe8b050929d4d6be8b495a56,
FUN_00BE1360,init,6;1;21897124,21,54f47decb98793881d75f3530c9c31f433e48ec54f661512e9a0cd87e74bc811,
FUN_00BE13F0,init,6;1;21897428,21,d1e93894624601ecc2eddece492c828558ee58b0cf09953836d67bddbbfd08a5,
FUN_00C22990,init,6;1;21911340,21,eea3a68ac01f0afab5949e7cff564f17758ee32274e9f8007ac03edf87fda695,
FUN_00C229F0,init,6;1;21911464,21,050f2bd59dc118249ac8f872d35c5ebb392a97aa6174a36e64c35f0e546a8af5,
FUN_00C22AE0,init,6;1;21911924,21,2785539f2557573d937e3345587f4d52d68e1f0b50e16837674595c4c8cb7d3b,
FUN_00C22C70,init,6;1;21912200,21,24fbc5fa7f31aeb372f56622b347120b216f206d0c8c24ee4e94b2d7067112cd,
FUN_00C22DE0,init,6;1;21912880,21,cf1c82495af6f915081d2e83cfa20ade6dbf16a905414baa505905e4989c2c5a,
FUN_00C22E60,init,6;1;21913260,21,ca8900ac530b2970f5937ac5d175faba7e13a0765803e4c4e30b1379bc5e26f9,
FUN_00C22F50,init,6;1;21913800,21,d845825152b3f93b5cf149bb2f836e29006e0d81da0be812d09025ff705188df,
FUN_00C22FC0,init,6;1;21914132,21,3bb7ce56d22327c0b6013924917d9ed288ddf884f5c4cb859bd990f59389b9aa,
FUN_00C23050,init,6;1;21914332,21,2fe14cea1c4317e3b0ea6f0d642998db6ba15dfa333cf2192c04bc8d47be3aed,
FUN_00C230B0,init,6;1;21914516,21,ddd3ef4b08040297d263e8220348936a2bd8a05245d19d73298da72a4d8be13c,
FUN_00C23230,init,6;1;21915812,21,4e75f3e4e2ca4ad97a6cd6bcfaf61e293d48bdf8315c87e0f52fb4e1c1dc044d,
FUN_00C23310,init,6;1;21918500,21,3f9becdc91d3e9bb1a8c6386e152a8c795337b5cc0890e909b743bdd1e7ed164,
FUN_00C23350,init,6;1;21907028,21,17f7b735dceedb2261c7801a13f21ee40771d7fa73e7d546d832237e731f8b37,
FUN_00C23390,init,6;1;21906236,21,683bae357934c5549e509331de04b7492537b534076e45f3be16b11eceb27c9c,
FUN_00C233D0,init,6;1;21906804,21,acc68166713c271cb37cba523e954c1a42174768c64426e8631196463c6c7a96,
FUN_00C23410,init,6;1;21918568,21,af586c80696ff6f785ed0e1fe09d4621e6195ac274d15e7fb45230a77911019e,
FUN_00C23450,init,6;1;21906132,21,b4e6c5fe121b41bddb8243ff29d57995dd8272bfb0ea6b40dd24b74f830864c7,
FUN_00C23490,init,6;1;21918692,21,b1b20055db53a5c376d9c3088af26a850129598efd7f3bc9389f4bd1344c1186,
FUN_00C23560,init,6;1;21918852,21,c978bde4fbfb454f1146b2af2e0bafc7d4aeb4d821db7b9d6e91dabae478d629,
FUN_00C23640,init,6;1;21919188,21,af1fa353deaa2e1e3650942c1118ea5b6fb1e9709e7ae3fc35a83f3b8bd01c6d,
FUN_00C236D0,init,6;1;21906452,21,6752831d10df1154edcc0b94d16182101140b1ca7c81beb22a63a010549f8cd9,
FUN_00C23700,init,6;1;21906564,21,0433b1d582a15172a15efa49bdd92156fa4be0a897b85e98795be748f42400cf,
FUN_00C23790,init,6;1;21919404,21,6626446c79e7bb620c99aa313ec217039e27aaab471eb117c495792a889afc3c,
FUN_00C238C0,init,6;1;21906908,21,80873d59c112276e701e04cb7a501d8e3c5082bea2cfe53d43f84f15ccef8e88,
FUN_00C23900,init,6;1;21919504,21,5f02244ee698cd85daeb8b0b2fcb2ad1dfe912798fe33ad921903ff226a5aa52,
FUN_00C23940,init,6;1;21907296,21,9bc49c466c7040277bba3e38ef5ae4d3c9c1e533719e37da9ede10ff090800c3,
FUN_00C23970,init,6;1;21907328,21,72a99050b4239b42028c91cb1936557a979db1a85066b81f74fb93dd209337dd,
FUN_00C239C0,init,6;1;21907364,21,a7c235ce6aad67bca58bc9f0fb6595a11c06019b435b29a923e86490bb5ab8e9,
FUN_00C23A00,init,6;1;21906340,21,6cb53fafe3d1f17ed09e854b4f891e6cb2c8167d7d6307b3d7a35dfa95b0542a,
FUN_00C23A40,init,6;1;21919832,21,e75e3a3d262c16961c76273634c10da6ccc58375302af4e1eef54a7b79f907ac,
FUN_00C23BB0,init,6;1;21906700,21,ff1dcc190e80a0934cbf408a519f8a1ea50eae7559ff94df8501ecdf506e3720,
FUN_00C4DD00,init,6;1;21922760,21,97f7f2cf5ec9bdc9ca37421a93a8ddf3f829b9d14dd3dcd6a1b75104047393d0,
FUN_00C4DE60,init,6;1;21923020,21,31b04aa9c8cf651406b3ab3b343f5bc7aaa98d79b78362bc0ba1531c69610c25,
FUN_00CA6340,init,6;1;21926004,21,26a9ed2a4b9e93d4cc695c0ee79f0eaebee39187382019bad7543806865c658f,
FUN_00CA64A0,init,6;1;21926296,21,9c6d2bfb45ba99eae557c21be46cd69661ecb70d15bd37a3c9b2564e3473c648,
FUN_00CA6620,init,6;1;21926676,21,46fb7b5ec3249bcfd91a678758166ea45547756821f19dae8618582ee3987f9c,
FUN_00CA67C0,init,6;1;21927640,21,01a0b68dbbb6a8b786fe7664dd4bc2e0c03393fc34e7e10688a1db3041462564,
FUN_00CA6810,init,6;1;21927700,21,b25613aee94335168fda85d71c298c2cef5f11bc5f45594a4bc8c1526119f36e,
FUN_00CA6900,init,6;1;21927740,21,735d936167483a21dafdb850e43eedfb50211b298d32017ac6b15b58f97851f7,
FUN_00CA6970,init,6;1;21927888,21,05ecb5b900cc65d4668dd2a5b8b63a53be7fd3f7ad8af6272f0b0069ff3aeedb,
FUN_00CA69C0,init,6;1;21927948,21,b3be35f4f691c2318354d1d37e8ea7e65a517c7abdb6ffeb3a21a888d067b321,
FUN_00CA6B00,init,6;1;21928300,21,de75f00fce902aabb79e034422c0b8412ae9c46e7e19e5565d8fad3a2fe4da2b,
FUN_00CC1BF0,init,6;1;21934308,21,3461b2327ddebfd87706a58b631834724bb9aaa03129c70b75ad51954868d6cd,
FUN_00CC1CC0,init,6;1;21935020,21,63acbd390f7a8e28c54425a685455f3cab7632cc0f41ffd4ba8198cc9089ea6d,
FUN_00CC1D10,init,6;1;21935164,21,8320562db763de95601d891e68e154d81622b07adef060ba6c32581c977a4fe3,
FUN_00CC1DD0,init,6;1;21935964,21,15e035b7e894925668ec8aa2650c3e30d7b114ed240a1f00cc0ae6537262c884,
FUN_00CC1EF0,init,6;1;21936180,21,340648bbb7346b6596ccaf56cd8288ce4e81bca2609066f5f69ad02a5166e773,
FUN_00CC1F20,init,6;1;21936196,21,ba4efc95d83899c4749d46671c7a9e883cda0d96cc722273a8f922f184b694a7,
FUN_00CC2150,init,6;1;21936608,21,f6dfb233fbc3d1f943192b68bb5886ea5353008ecca604916eb0ba3ab3de37a4,
FUN_00CC21A0,init,6;1;21936716,21,e93ac4502672a0a33696b7887d27027090404ce30706279c915763dc71ad086e,
FUN_00CC21E0,init,6;1;21936908,21,2f4a7a168a5d61b5f17099a80bd8c9e14c84b2766536af1a8039f944d485ddd7,
FUN_00CC22C0,init,6;1;21937020,21,a7befdaa9d265a5cb079558f15e8c5e63b59b0683c323c1f6bc4750a85bb805c,
FUN_00CC2360,init,6;1;21937284,21,d9de4132fa2e32075c1a2cd541c29384f8485ec15b20dfefdffbd642da8ca058,
FUN_00CC23E0,init,6;1;21937428,21,3e6ebe9e1051c0469d0fa9fc2a3e2f88b0fbfa90ee6ddbef37f6e07be9f92d03,
FUN_0102B5A0,bits,932;936;108;128;192;8;15;8,55,b2117dde0469f9d9b32961019e1b3233f3ce87239f4b324f2f41c162e2def4ae,
FUN_0102C1D0,bits,932;936;108;128;528;4;15;8,55,84f3dffdb2cd56da921573d5a30f10e7c2c7ea62bab8e199a61900e78b8e3ad6,
FUN_01031710,bits,932;936;108;128;1540;20;15;255,55,3a1146c46bb2e2f94f5c36a9313106016e4460b74df87748591dc120c074d180,
FUN_01031E80,bits,932;936;108;128;1664;4;15;255,55,2cae12677c08b3c8f43fbb812112ec6b81f21d4cb1e570b377dd70df04d472cc,
FUN_01032520,bits,932;936;108;128;1800;4;15;255,55,8c02ed804aaa2e90e8c9e9179a033c84c891deb310901aaae5e459dc25ed2f83,
FUN_01032560,bits,932;936;108;128;1800;8;15;255,55,2ad758389a3dedf8c94528ad43eb3c58d193cd7c301d6838559a54d93b7e0f28,
FUN_01032700,bits,932;936;108;128;1808;20;15;4,55,254bd89a1b86714ba36ba58c5ddd03956a727347d43971cd2a6b4d650d72f2b8,
FUN_010327E0,bits,932;936;108;128;1820;4;15;255,55,3080f5fc326de901aad5bae7f5819d32c5bb5e796c95f3de4c225fd2d8e1d61e,
FUN_01032820,bits,932;936;108;128;1820;8;15;255,55,564f7c3721fd603146810b3cd56737964f9b891267f3e6aee38fbc2f34759f23,
FUN_01032860,bits,932;936;108;128;1820;12;15;255,55,619bbf2e435a1b35ac558c2a4e9cb6d305e9da32b0ac44efc5972f46f6e92a68,
FUN_01033000,bits,932;936;108;128;2016;4;15;4,55,5b029cfbef2885937fcf4880ef4354027d90553910f03fef116128138704b3b0,
FUN_010331F0,bits,932;936;108;128;2052;4;15;5,55,5d9ee2eb5ffd69a532a12bf3632cad26e37c39761f18d6df7d09d2b5f6e61d4d,
FUN_01033860,bits,932;936;108;128;2196;4;15;6,55,a4c97fe256c22396dd9418f1ebe18b455864d510e00fae0bffd24caccf193069,
FUN_010338A0,bits,932;936;108;128;2196;8;15;3,55,ace0c1518c7fb5d8aa21bdc2e2c45e200436bc4d2c10409ed2d35c635f27e634,
FUN_01033F90,bits,932;936;108;128;2352;4;15;255,55,ab286ef81ad128ec00bd151cd3682357f63edab7a5c36cd44c6d92046c99292e,
FUN_01043FE0,bits,932;936;108;128;8232;8;15;16,55,4c0eb5e467fe5cbf6de71edaac49cebbbf8df1005d6657b84f18476b993bdae8,
FUN_01044020,bits,932;936;108;128;8232;12;15;255,55,bee4a9ee6d703ed30863b44693eb055709db959326de8750d3d6ba10683bd963,
FUN_01044540,bits,932;936;108;128;8336;4;15;255,55,e26ab6de8bdc3471ba76c38bc70b77bb798415ded2343a9a53f3497681fadc0a,
FUN_01044580,bits,932;936;108;128;8336;8;15;255,55,57a1e9fe113afc781f8b322946ae8f7b3136911c92bef682711a8dae1c5b2d72,
FUN_010445C0,bits,932;936;108;128;8336;12;15;255,55,c32faadbcfb2c8e3a6d1d497f845ec163cdb690dfcb4e7a0b8133824c4f82871,
FUN_01044BF0,bits,932;936;108;128;8432;4;15;255,55,69feb11824ee54d1ecb5bf967f449adab990aa46e96b4a3228dd5c435d441813,
FUN_01044C30,bits,932;936;108;128;8432;8;15;255,55,31d85f53c6d9a81e722586da2b85578ca8261f74e101a3c4e2275cb31cf5f325,
FUN_01044C70,bits,932;936;108;128;8432;12;15;255,55,ae431b15086e78295e30f0f42f787b6a7a0c4e07b2a0162ca7d2e3d36d074270,
FUN_0109E830,bits,912;916;108;152;424;8;15;255,55,7ba87389370cfa5fdebfac78b3f00a7fe641ce0d4a0add00f3650a5e8699e3e1,
FUN_0109E870,bits,912;916;108;152;424;12;15;255,55,b80e0140fe9f90174a69c99508fa3b33464d4065ea68d454b83ddf67ed27c723,
FUN_0109E960,bits,912;916;108;152;432;4;15;255,55,8eab19bdfb24368be6c5d0420e93617289ec7a24929bbc3914b80388826778d5,
FUN_0109E9A0,bits,912;916;108;152;432;8;15;255,55,5395a420e7480bf6486675b814fac83a232de57354a09a9471ffd23bb59a21b5,
FUN_0109EA50,bits,912;916;108;152;440;4;15;255,55,9fbdcda54a0b6ef004d420262758346a298c1c1c07a6377611b51a7872131683,
FUN_0109EA90,bits,912;916;108;152;440;8;15;255,55,65bc52e93cf0c24e627b96972c08c2db19978de54fe946e895732483bd2db44b,
FUN_0109F230,bits,912;916;108;152;580;20;15;4,55,cfa38e0f2b522c9a8968bf8cadae7cc1778498ff12fb8baf21304124da0e9ef3,
FUN_0109F2E0,bits,912;916;108;152;584;4;15;4,55,412fb134f3d8a290573d74108123ba84d048feaa591c0828c04e3ec9cd8aa0a8,
