stable_id,union_csv_line
FUN_0041D2B0,633
FUN_0041D820,653
FUN_0041D8F0,659
FUN_0041F830,713
FUN_00425C70,777
FUN_00425E00,782
FUN_00426060,792
FUN_004264B0,806
FUN_004264C0,807
FUN_00427080,821
FUN_00427090,822
FUN_00427200,837
FUN_00427400,853
FUN_00427410,854
FUN_004275C0,870
FUN_004275D0,871
FUN_00428C10,885
FUN_00428C20,886
FUN_00428FD0,899
FUN_00428FE0,900
FUN_00429120,914
FUN_0042A710,928
FUN_0042E560,944
FUN_0042E570,945
FUN_0042E6B0,959
FUN_0042E7F0,973
FUN_0042EAC0,989
FUN_0042EAD0,990
FUN_0042EC00,1003
FUN_0042F1D0,1015
FUN_0042F1E0,1016
FUN_0042F310,1029
FUN_00431090,1060
FUN_004310A0,1061
FUN_00431880,1076
FUN_00431890,1077
FUN_004319B0,1089
FUN_00431AD0,1101
FUN_00431F60,1113
FUN_00431F70,1114
FUN_00432850,1132
FUN_00432860,1133
FUN_00432870,1134
FUN_00432A30,1148
FUN_00432AA0,1151
FUN_00432AE0,1153
FUN_004366C0,1190
FUN_004366D0,1191
FUN_004366E0,1192
FUN_004366F0,1193
FUN_00436700,1194
FUN_00436710,1195
FUN_00437950,1210
FUN_00437960,1211
FUN_00437970,1212
FUN_00438330,1229
FUN_00438340,1230
FUN_004385E0,1242
FUN_004385F0,1243
FUN_00438D50,1256
FUN_00438D60,1257
FUN_004395E0,1273
FUN_004395F0,1274
FUN_00439640,1277
FUN_004396B0,1281
FUN_0043B960,1351
FUN_0043B970,1352
FUN_0043B980,1353
FUN_0043B990,1354
FUN_0043B9A0,1355
FUN_0043B9B0,1356
FUN_0043B9C0,1357
FUN_0043B9D0,1358
FUN_0043B9E0,1359
FUN_0043B9F0,1360
FUN_0043BA00,1361
FUN_0043BA10,1362
FUN_0043BA20,1363
FUN_0043BE50,1381
FUN_0043BE60,1382
FUN_0043BE70,1383
FUN_0043BE80,1384
FUN_0043C3F0,1398
FUN_0043C7F0,1412
FUN_0043D6C0,1420
FUN_0043D6D0,1421
FUN_0043DE60,1435
FUN_0043F080,1455
FUN_0043F090,1456
FUN_0043F0A0,1457
FUN_0043F0B0,1458
FUN_0043F7B0,1471
FUN_0043FA40,1484
FUN_0043FA50,1485
FUN_0043FE20,1496
FUN_0043FE30,1497
FUN_0043FE80,1500
FUN_00440F40,1537
FUN_00440F50,1538
FUN_00440F60,1539
FUN_00440F70,1540
FUN_00440F80,1541
FUN_004438C0,1562
FUN_004438D0,1563
FUN_00445270,1583
FUN_00445280,1584
FUN_00445290,1585
FUN_00445B30,1600
FUN_00445B40,1601
FUN_00447790,1624
FUN_004477A0,1625
FUN_00448400,1639
FUN_00448410,1640
FUN_00449480,1654
FUN_00449490,1655
FUN_00449BC0,1667
FUN_00449BD0,1668
FUN_0044AA70,1683
FUN_0044AA80,1684
FUN_0044AB60,1691
FUN_0044B940,1697
FUN_0044B950,1698
FUN_0044CA30,1708
FUN_0044CA40,1709
FUN_0044CB20,1715
FUN_0044D220,1721
FUN_0044D230,1722
FUN_0044D390,1735
FUN_0044DD10,1745
FUN_0044DD20,1746
FUN_00451690,1781
FUN_00451830,1793
FUN_00452600,1800
FUN_00452610,1801
FUN_00452C20,1818
FUN_00452C30,1819
FUN_00452F80,1831
FUN_00452F90,1832
FUN_00453510,1842
FUN_00453520,1843
FUN_004536B0,1856
FUN_004537E0,1869
FUN_00455B60,1896
FUN_00456BE0,1909
FUN_00456BF0,1910
FUN_00456DB0,1923
FUN_00456DC0,1924
FUN_00457180,1938
FUN_004572B0,1951
FUN_00457A00,1963
FUN_00457A10,1964
FUN_00457B40,1977
FUN_00457F00,1987
FUN_00457F10,1988
FUN_004585A0,1999
FUN_004586D0,2012
FUN_00458910,2024
FUN_00458920,2025
FUN_0045B8A0,2045
FUN_0045B8B0,2046
FUN_0045B990,2055
FUN_0045C030,2059
FUN_0045C040,2060
FUN_0045C270,2075
FUN_0045C640,2091
FUN_0045C650,2092
FUN_0045DA60,2104
FUN_0045DA70,2105
FUN_0045E200,2117
FUN_0045E210,2118
FUN_0045E340,2131
FUN_0045FC10,2142
FUN_0045FC20,2143
FUN_0045FD50,2156
FUN_0045FE80,2169
FUN_004600C0,2182
FUN_004600D0,2183
FUN_00460410,2196
FUN_00460540,2209
FUN_00460670,2222
FUN_004607A0,2235
FUN_004608D0,2249
FUN_00460A00,2262
FUN_00460B30,2275
FUN_00460C60,2288
FUN_00460D90,2301
FUN_00460EC0,2314
FUN_00460FF0,2327
FUN_00461120,2340
FUN_00461250,2353
FUN_00461380,2366
FUN_004614B0,2379
FUN_004615E0,2392
FUN_00461710,2405
FUN_00461840,2418
FUN_00461970,2431
FUN_00461AA0,2444
FUN_00461BD0,2457
FUN_00464270,2475
FUN_00464280,2476
FUN_00464290,2477
FUN_00464D20,2490
FUN_00464E70,2500
FUN_00465E50,2513
FUN_00466150,2524
FUN_00466160,2525
FUN_00467990,2546
FUN_004679A0,2547
FUN_004679B0,2548
FUN_00467C30,2557
FUN_00467C40,2558
FUN_00467EC0,2568
FUN_004680E0,2578
FUN_00468260,2588
FUN_004684B0,2600
FUN_004684C0,2601
FUN_004686A0,2611
FUN_004689D0,2625
FUN_004689E0,2626
FUN_0046D090,2691
FUN_0046D0F0,2694
FUN_0046D150,2697
FUN_0046DA50,2723
FUN_0046E520,2749
FUN_00471B80,2800
FUN_00472310,2813
FUN_00472E50,2822
FUN_004769D0,2883
FUN_00476B00,2888
FUN_00476B40,2890
FUN_00478FD0,2925
FUN_004790A0,2931
FUN_004790B0,2932
FUN_00479110,2937
FUN_00479160,2939
FUN_004791D0,2942
FUN_00479310,2949
FUN_00479370,2951
FUN_00479380,2952
FUN_00479390,2953
FUN_004793A0,2954
FUN_004793B0,2955
FUN_00479930,2965
FUN_00479940,2966
FUN_00480920,3042
FUN_00484B20,3079
FUN_00484B30,3080
FUN_00484E30,3092
FUN_00484EB0,3095
FUN_00484EC0,3096
FUN_00487E70,3103
FUN_00487EE0,3106
FUN_00487EF0,3107
FUN_00487F10,3109
FUN_00487F20,3110
FUN_00487F30,3111
FUN_00488060,3116
FUN_00488070,3117
FUN_00488080,3118
FUN_00488090,3119
FUN_004880A0,3120
FUN_004880B0,3121
FUN_004880C0,3122
FUN_004880D0,3123
FUN_004880E0,3124
FUN_00489E20,3159
FUN_004925C0,3230
FUN_00492A40,3242
FUN_00492B10,3245
FUN_00492C30,3249
FUN_00493370,3265
FUN_00493420,3268
FUN_004934A0,3270
FUN_004935D0,3277
FUN_00493660,3282
FUN_004936A0,3285
FUN_004936C0,3287
FUN_004A3FC0,3662
FUN_004A3FD0,3663
FUN_004AA450,3812
FUN_004ACD20,3889
FUN_004AD260,3903
FUN_004AD270,3904
FUN_004AD280,3905
FUN_004AE160,3917
FUN_004AF030,3946
FUN_004AF120,3950
FUN_004AF130,3951
FUN_004AF140,3952
FUN_004AF150,3953
FUN_004AF160,3954
FUN_004AF190,3956
FUN_004AF240,3959
FUN_004AF930,3974
FUN_004B0CE0,4013
FUN_004B0D20,4016
FUN_004B0D60,4019
FUN_004B9180,4135
FUN_004B9310,4142
FUN_004BA080,4168
FUN_004BBBA0,4198
FUN_004BBD60,4212
FUN_004C4BE0,4273
FUN_004C4C60,4276
FUN_004C4CA0,4279
FUN_004C5080,4296
FUN_004C5A00,4305
FUN_004C6040,4328
FUN_004C6050,4329
FUN_004C8C50,4349
FUN_004C9CA0,4365
FUN_004CAF00,4373
FUN_004CAF80,4376
FUN_004D4820,4448
FUN_004D4830,4449
FUN_004D4850,4451
FUN_004D4860,4452
FUN_004D4870,4453
FUN_004D4880,4454
FUN_004D4890,4455
FUN_004D48A0,4456
FUN_004D48B0,4457
FUN_004D48C0,4458
FUN_004D48D0,4459
FUN_004D4DD0,4479
FUN_004D4E10,4481
FUN_004D8D40,4556
FUN_004D8D50,4557
FUN_004D8DD0,4562
FUN_004D8DE0,4563
FUN_004D8DF0,4564
FUN_004D8E00,4565
FUN_004D8E80,4569
FUN_004D9750,4593
FUN_004D9A20,4606
FUN_004E0230,4653
FUN_004E0240,4654
FUN_004E0310,4657
FUN_004E03A0,4659
FUN_004E03B0,4660
FUN_004E0430,4662
FUN_004E04D0,4664
FUN_004E0560,4666
FUN_004E05F0,4668
FUN_004E06E0,4671
FUN_004E0770,4673
FUN_004E0780,4674
FUN_004E0800,4676
FUN_004E0890,4678
FUN_004E0910,4680
FUN_004E09D0,4682
FUN_004E1140,4694
FUN_004E1560,4707
FUN_004E15A0,4709
FUN_004E1920,4731
FUN_004E4C80,4810
FUN_004E4C90,4811
FUN_004E4CA0,4812
FUN_004E4CB0,4813
FUN_004E4CC0,4814
FUN_004E4CD0,4815
FUN_004E5D00,4846
FUN_004EA270,4974
FUN_004EB240,5025
FUN_004EB400,5030
FUN_004EB410,5031
FUN_004EC3D0,5059
FUN_004F0F10,5113
FUN_004F0F20,5114
FUN_004F1360,5129
FUN_004F1F50,5167
FUN_004F2010,5170
FUN_004F2030,5172
FUN_004F2160,5183
FUN_004F2170,5184
FUN_004F2180,5185
FUN_004F6670,5239
FUN_004F6A90,5258
FUN_004F6E70,5276
FUN_004F7CD0,5314
FUN_00508690,5519
FUN_005086A0,5520
FUN_005086B0,5521
FUN_005086C0,5522
FUN_005086D0,5523
FUN_005086E0,5524
FUN_005086F0,5525
FUN_00508700,5526
FUN_005087B0,5532
FUN_005087C0,5533
FUN_005087D0,5534
FUN_005087E0,5535
FUN_005087F0,5536
FUN_005089A0,5542
FUN_005089B0,5543
FUN_005089C0,5544
FUN_005089D0,5545
FUN_005089E0,5546
FUN_005089F0,5547
FUN_00508A00,5548
FUN_00508A10,5549
FUN_00508A50,5551
FUN_00508A60,5552
FUN_00508C60,5562
FUN_00508CC0,5564
FUN_005094B0,5584
FUN_0050D6F0,5642
FUN_00517580,5773
FUN_0051C690,5860
FUN_0051C6A0,5861
FUN_0051C6B0,5862
FUN_0051C710,5864
FUN_005230F0,5889
FUN_00527D80,5987
FUN_00527DD0,5989
FUN_00528390,5994
FUN_00528E60,6003
FUN_005291F0,6009
FUN_005293A0,6011
FUN_005293B0,6012
FUN_005293C0,6013
FUN_005293D0,6014
FUN_0052A950,6031
FUN_0052AD80,6041
FUN_0052AD90,6042
FUN_0052AF20,6050
FUN_0052C690,6055
FUN_0052C6A0,6056
FUN_0052C9E0,6067
FUN_0052F120,6117
FUN_0052F130,6118
FUN_0052F730,6150
FUN_0052F9C0,6158
FUN_0052FEB0,6180
FUN_00530B00,6233
FUN_005315E0,6255
FUN_00533F80,6313
FUN_00534070,6322
FUN_00536120,6367
FUN_00536130,6368
FUN_00536140,6369
FUN_00536150,6370
FUN_00536160,6371
FUN_00536170,6372
FUN_00536180,6373
FUN_00536EC0,6420
FUN_00536ED0,6421
FUN_00536EE0,6422
FUN_00536FB0,6426
FUN_00536FC0,6427
FUN_00536FD0,6428
FUN_00537070,6431
FUN_00537110,6434
FUN_00537530,6454
FUN_00538210,6486
FUN_00538250,6488
FUN_00538260,6489
FUN_00538270,6490
FUN_00538280,6491
FUN_00538340,6494
FUN_00538350,6495
FUN_00538360,6496
FUN_00538450,6500
FUN_00538460,6501
FUN_00538D80,6525
FUN_00538D90,6526
FUN_00538E20,6528
FUN_00538E30,6529
FUN_00538E40,6530
FUN_0053B770,6645
FUN_0053B7E0,6648
FUN_0053B7F0,6649
FUN_0053B860,6651
FUN_0053B870,6652
FUN_0053B900,6654
FUN_0053B910,6655
FUN_0053B920,6656
FUN_0053B930,6657
FUN_0053B940,6658
FUN_0053B950,6659
FUN_0053B960,6660
FUN_0053B970,6661
FUN_0053B980,6662
FUN_0053B990,6663
FUN_0053B9A0,6664
FUN_0053B9B0,6665
FUN_0053BA20,6667
FUN_0053BA30,6668
FUN_0053BA90,6670
FUN_0053BB40,6672
FUN_0053BB50,6673
FUN_0053BDD0,6683
FUN_0053BDE0,6684
FUN_0053BDF0,6685
FUN_0053BE00,6686
FUN_0053CC20,6743
FUN_0053CC30,6744
FUN_0053CC40,6745
FUN_005409A0,6802
FUN_005409B0,6803
FUN_005409C0,6804
FUN_00540AD0,6810
FUN_00540AE0,6811
FUN_005412E0,6837
FUN_005412F0,6838
FUN_00541350,6840
FUN_00541360,6841
FUN_005413F0,6844
FUN_00541400,6845
FUN_00541C50,6879
FUN_00541C60,6880
FUN_00541C70,6881
FUN_00541C80,6882
FUN_00541C90,6883
FUN_00541CA0,6884
FUN_00541CB0,6885
FUN_00541E10,6891
FUN_00542920,6918
FUN_00542930,6919
FUN_00542A50,6922
FUN_00542A60,6923
FUN_00542A70,6924
FUN_00542A80,6925
FUN_00544950,6978
FUN_005449B0,6980
FUN_005449C0,6981
FUN_00545030,7007
FUN_005450B0,7009
FUN_005450C0,7010
FUN_005450D0,7011
FUN_00545170,7014
FUN_00545180,7015
FUN_00545570,7044
FUN_00545580,7045
FUN_00545590,7046
FUN_00545F50,7077
FUN_00545F60,7078
FUN_00545F70,7079
FUN_00545F80,7080
FUN_00545F90,7081
FUN_00545FA0,7082
FUN_00545FB0,7083
FUN_00546060,7087
FUN_00546070,7088
FUN_005468F0,7112
FUN_00546900,7113
FUN_00546940,7115
FUN_005473A0,7128
FUN_005473B0,7129
FUN_00548340,7167
FUN_00548350,7168
FUN_00548360,7169
FUN_00548370,7170
FUN_00548380,7171
FUN_00548390,7172
FUN_005483A0,7173
FUN_005483B0,7174
FUN_005483C0,7175
FUN_00548F10,7202
FUN_00548F20,7203
FUN_00548F30,7204
FUN_00548F40,7205
FUN_00548F50,7206
FUN_00549340,7226
FUN_00549350,7227
FUN_00549360,7228
FUN_00549370,7229
FUN_00549920,7254
FUN_00549930,7255
FUN_00549940,7256
FUN_00549950,7257
FUN_00549960,7258
FUN_00549970,7259
FUN_0054A500,7298
FUN_0054A5B0,7301
FUN_0054A5C0,7302
FUN_0054A5D0,7303
FUN_0054A700,7307
FUN_0054A710,7308
FUN_0054A720,7309
FUN_0054A7B0,7312
FUN_0054A7C0,7313
FUN_0054A7D0,7314
FUN_0054A870,7317
FUN_0054A880,7318
FUN_0054A890,7319
FUN_0054AD80,7339
FUN_0054AD90,7340
FUN_0054ADA0,7341
FUN_0054B140,7350
FUN_0055C1E0,7486
FUN_0055C1F0,7487
FUN_0055C200,7488
FUN_0055C280,7490
FUN_0055C290,7491
FUN_0055C2A0,7492
FUN_0055C4A0,7496
FUN_0055C4B0,7497
FUN_0055C7F0,7507
FUN_0055C800,7508
FUN_0055C810,7509
FUN_0055C8F0,7514
FUN_0055C900,7515
FUN_0055D030,7536
FUN_0055D050,7538
FUN_0055D060,7539
FUN_0055E910,7595
FUN_0055E920,7596
FUN_0055E930,7597
FUN_0055E940,7598
FUN_0055E950,7599
FUN_0055E960,7600
FUN_0055E970,7601
FUN_0055E9C0,7604
FUN_0055E9D0,7605
FUN_0055E9E0,7606
FUN_0055EB20,7611
FUN_0055EB30,7612
FUN_0055FA10,7650
FUN_0055FA20,7651
FUN_0055FA30,7652
FUN_0055FA40,7653
FUN_0055FA50,7654
FUN_0055FA60,7655
FUN_0055FA70,7656
FUN_00560350,7693
FUN_00560360,7694
FUN_00560370,7695
FUN_00560380,7696
FUN_00560390,7697
FUN_005603A0,7698
FUN_005603B0,7699
FUN_00560C00,7726
FUN_00560C60,7728
FUN_00560CC0,7730
FUN_00560CD0,7731
FUN_00560CE0,7732
FUN_00560E10,7736
FUN_00560E20,7737
FUN_00560E30,7738
FUN_00561130,7750
FUN_00561C30,7769
FUN_00561C40,7770
FUN_00561C50,7771
FUN_00561CC0,7773
FUN_00561CD0,7774
FUN_00562DB0,7820
FUN_00562DC0,7821
FUN_00562DD0,7822
FUN_00562DE0,7823
FUN_00562E90,7825
FUN_00562EA0,7826
FUN_00562F80,7833
FUN_005637D0,7856
FUN_005637E0,7857
FUN_005637F0,7858
FUN_00563800,7859
FUN_00563810,7860
FUN_00563E80,7874
FUN_00564E40,7891
FUN_00564E50,7892
FUN_00564E60,7893
FUN_00564E70,7894
FUN_00564E80,7895
FUN_00565BE0,7931
FUN_00565BF0,7932
FUN_00565C00,7933
FUN_00565C70,7935
FUN_00565C80,7936
FUN_00566C20,7964
FUN_00566C30,7965
FUN_00566C40,7966
FUN_00566C50,7967
FUN_00566C60,7968
FUN_00567060,7987
FUN_00567070,7988
FUN_00567080,7989
FUN_00567090,7990
FUN_005670D0,7992
FUN_005670E0,7993
FUN_005670F0,7994
FUN_00569FB0,8052
FUN_00569FC0,8053
FUN_00569FD0,8054
FUN_00569FE0,8055
FUN_00569FF0,8056
FUN_0056A000,8057
FUN_0056A910,8084
FUN_0056A920,8085
FUN_0056A930,8086
FUN_0056A940,8087
FUN_0056A950,8088
FUN_0056A960,8089
FUN_0056A970,8090
FUN_0056AF80,8114
FUN_00572E90,8152
FUN_00573250,8163
FUN_00573360,8168
FUN_00576CA0,8236
FUN_00576E80,8241
FUN_00576EF0,8243
FUN_00576FD0,8247
FUN_00577020,8249
FUN_00577030,8250
FUN_00577040,8251
FUN_0057B050,8297
FUN_0057B060,8298
FUN_0057B080,8300
FUN_0057B200,8305
FUN_0057B2E0,8311
FUN_0057B370,8313
FUN_0057B380,8314
FUN_0057B390,8315
FUN_0057B3A0,8316
FUN_0057B4E0,8322
FUN_0058A9F0,8675
FUN_0058AA40,8678
FUN_0058AA50,8679
FUN_0058AAC0,8681
FUN_0058AB30,8683
FUN_0058AB40,8684
FUN_0058ABF0,8687
FUN_0058AC00,8688
FUN_0058AD10,8692
FUN_0058AD20,8693
FUN_0058AD60,8695
FUN_0058AD70,8696
FUN_0058ADE0,8699
FUN_0058ADF0,8700
FUN_0058AE70,8703
FUN_0058AE80,8704
FUN_0058AF20,8707
FUN_0058AF30,8708
FUN_0058AFA0,8711
FUN_0058AFB0,8712
FUN_0058AFC0,8713
FUN_0058AFD0,8714
FUN_0058B1E0,8722
FUN_0058B1F0,8723
FUN_0058B3D0,8728
FUN_0058B440,8730
FUN_0058B530,8735
FUN_0058B5A0,8738
FUN_0058B5B0,8739
FUN_0058B600,8741
FUN_0058B610,8742
FUN_0058B6E0,8745
FUN_0058B820,8749
FUN_0058B910,8752
FUN_0058BBA0,8761
FUN_0058BBB0,8762
FUN_0058EBA0,8835
FUN_0058EC60,8839
FUN_0058ECA0,8841
FUN_0058ED90,8847
FUN_0058EE70,8851
FUN_0058EEB0,8854
FUN_0058EFD0,8859
FUN_0058F470,8874
FUN_0058F5D0,8879
FUN_0058F5E0,8880
FUN_0058F5F0,8881
FUN_0058F600,8882
FUN_0058F610,8883
FUN_00593EB0,8971
FUN_005AFDC0,9140
FUN_005AFDD0,9141
FUN_005AFDE0,9142
FUN_005AFDF0,9143
FUN_005AFE30,9145
FUN_005AFE40,9146
FUN_005AFE50,9147
FUN_005B0280,9153
FUN_005B0530,9158
FUN_005B0660,9163
FUN_005B06E0,9165
FUN_005B07B0,9168
FUN_005B0960,9171
FUN_005B0B70,9181
FUN_005B0B80,9182
FUN_005B1040,9200
FUN_005B11B0,9207
FUN_005B3E40,9238
FUN_005B3ED0,9240
FUN_005B3F70,9242
FUN_005B6670,9262
FUN_005B6760,9269
FUN_005B6A00,9274
FUN_005B6A90,9276
FUN_005B6FA0,9299
FUN_005B74D0,9314
FUN_005BD820,9358
FUN_005BD830,9359
FUN_005BD840,9360
FUN_005BD980,9365
FUN_005BDA40,9368
FUN_005BDB00,9371
FUN_005BDC10,9376
FUN_005BDDD0,9380
FUN_005BDF50,9383
