symbol,kind,variant,parameters,size,sha256
FUN_004897D0,STORE,39,124336;81;1,20,1d8e9690b6ce3452504666c344c0776edd6c46f812ece02bd94b31463a740ce7
FUN_004CAEE0,ARRAY_GET,28,100;112,23,a37b83fb8cd179694fd46faf65b4cdd76f69d82cce2b7f7a307a9188d3c1bbf7
FUN_004CAF60,ARRAY_GET,28,120;132,26,f508bfe6590e5f7f0d3a1a2cb945f6a17ec844b65b284dc63a9c79123db9dd60
FUN_004CB240,LOAD,40,36;100;4,12,8add7c23d3dc12563f171e5ba6c7fdac0e3dc80d8d1e3564471a11d9c7bd2c65
FUN_004CB290,LOAD,40,36;120;4,12,3cad69137109cd0948529c90156d4a3eba7f2eeec60676c99be05b47ab5491e7
FUN_004E74D0,SENTINEL,22,235344;235348,18,c6d167c8d31263da4940521d4434bee4162f2d0493aeb39aa84662340cbf852a
FUN_004E74F0,SENTINEL,22,235344;235864,18,039662f04242bb80abfc81c01229bb92a8d613084d2a86e135aa1a9487f4820f
FUN_004E7510,SENTINEL,22,235344;235872,18,344bffc68965b85eabe3846bb0bba506daabe248438eb8e31a52197e2f4f3dde
FUN_004E7530,SENTINEL,22,235344;235876,18,16ab5a4fdf45a2db2f2527583dce662a7795a22edc5b35faafd05167d1c7c392
FUN_004E7550,SENTINEL,22,235344;235880,18,da0f235184dd320eb076aa0cebc25fcb01565da67f7cc6a9e06cdab160d18452
FUN_004E7570,SENTINEL,22,235344;235884,18,f793fa6b95774053794c57da5f4267786c6872e5f595af57df7c4449bce8162c
FUN_004E7590,SENTINEL,22,235344;235888,18,ed22622bb650edb7f73dd96b16e3dcce83bf54ad76703b8b0d75b69e0ba64f8a
FUN_004E75B0,SENTINEL,22,235344;235892,18,6e4f16fe8d55a039f437684a820e2b82941b1b048d2482ae05cf553a38d10433
FUN_004E75D0,SENTINEL,22,235344;235896,18,f2fdecc67cc62527bb3f188c81a62f68c1e18ee71f842a63e99f08be791110f7
FUN_004E75F0,SENTINEL,22,235344;235900,18,204c5a40ac0b8fabc372b96aa16e26004e49f5192cf5997f7ba92ff4d453d750
FUN_004E7610,SENTINEL,22,235344;235904,18,91d327352039e48cf787f0df3c1a7fa13b001bda00975b860535f3f0d8135b1a
FUN_004E7630,SENTINEL,22,235344;235908,18,52bcf06850dde691247a3978371a7805ddbbf60d7d2863003e1a93a8aa3da415
FUN_004E7650,SENTINEL,22,235344;235912,18,e6c48dbec62bc54567400906e325b0aa148834c5773643d80e1bf7eaf54aab2f
FUN_004E7670,SENTINEL,22,235344;235916,18,13f87ab0a6c6218965aefd168f052bfa042db2e3eda2f5fe0a472e79d2982b4f
FUN_004E7690,SENTINEL,22,235344;235920,18,3e5854b2e01ef4b40dd18d7cdd926bc770fbfa13fb7c1f5bbfc9dde7fc77e18a
FUN_004E76B0,SENTINEL,22,235344;235924,18,520787971af6fab54588b1b8939ed22c3b75876ccb89e14b71f3b33aa90f8b1f
FUN_004E76D0,SENTINEL,22,235344;235928,18,c77a322919b0742e51f938f0f9e237e6c5d9c2b595dafeae5b663c238dfe3a50
FUN_004E76F0,SENTINEL,22,235344;235932,18,34f265c30d90dbba7924befec48be9fb7b755da433adee91b68071ab3908cfdc
FUN_004E7710,SENTINEL,22,235344;235936,18,651da3238723c48f39a75964236ab25d47e49b82e5a1305fcc02078765d20361
FUN_004E7730,SENTINEL,22,235344;235940,18,1ad00f6d5d0d5f5bbc1c73ae3a319b8c2bb65ac1d89c62a5c32a03cf9666a24a
FUN_004E7750,SENTINEL,22,235344;235944,18,66f0f72c455cb1c370e3ca52d2dc6dc91a93eefad59b396027e7b5835e283af8
FUN_004E7770,SENTINEL,22,235344;235948,18,b16b4a0523de89480183fb416f6bf0c292bce69cd707a86213325040fc1cf577
FUN_004F1300,STORE,39,8;7;1,17,cbb23e422072a603f11147a1d2b219ca1fa343b43a5b35d5d26fc7c15e9e7159
FUN_004F6880,ARRAY_GET,28,104;116,23,fa86f2c5b7d16b2c9054dc09fd0be3d5df0d4ad6b5633e062f485c39ea82806f
FUN_004F6950,ARRAY_GET,28,124;136,26,8fe705f16a30d3fa93e44863e16c9caeb65cb96aa7cd0fbac6ce7a4b5e31ee30
FUN_004F7EF0,LOAD,40,32;104;4,12,84aa4f9f9b2709d421e97a9cbbb4a4955becd5dfebf89afef0d928df361a8c49
FUN_0052D350,ARRAY_GET,28,8;20,23,cfb82e9f9136a3dc3dfa511500e928326fa1a651fe63a0323201d50f0e408c4b
FUN_00539500,ARRAY_SET,23,16;28,22,befcf14a9986d6293fc161db6536259b740e764ccf61a30ccd8a694677e0b570
FUN_00539560,ARRAY_SET,23,20;32,22,2d1390842949dc4feb31850a39575121bb8ff95014121cd8d53ce0943bf46ff0
FUN_005395B0,ARRAY_SET,23,40;52,22,3e414fbf4acae1f12f9cbd0595f818b5556ed4c61fb98e2bc499b42aa1bbfdb4
FUN_00539680,ARRAY_SET,23,112;124,22,99144b6fbb8813ddcfaea552a1b0df6a592731743754231888c1e0e39d92ade1
FUN_005396D0,ARRAY_SET,23,132;144,28,ae4b0bcc8baa9cb8dc1681f686b4f45ecde60986324f0c41aa07cb3fa37903e7
FUN_0053BFF0,ARRAY_SET,23,12;24,22,c1aaf4ed3488b4ceb230aa97ab7d097dfeb2ac264f4e12a78fcbba9e8ea9b737
FUN_0053CD90,ARRAY_SET,23,56;60,22,d46ab3e088b8472aaf1b989a93561976dde21b1b10987cd3d2e80b2dcf0472f9
FUN_0054B2B0,ARRAY_SET,23,20;16,22,586d2db25f59c5ca4a7bdb5d13b23cc7a3a0e30dcb3997da96b4bdf16f8bc257
FUN_0054B2F0,ARRAY_SET,23,12;8,22,e43383b50c7ee10b399d71bf585f9e311d8827dbe3ff224edcf85259532d5508
FUN_0054B890,ARRAY_SET,23,12;8,22,e43383b50c7ee10b399d71bf585f9e311d8827dbe3ff224edcf85259532d5508
FUN_0055D790,ARRAY_GET,28,100;112,23,a37b83fb8cd179694fd46faf65b4cdd76f69d82cce2b7f7a307a9188d3c1bbf7
FUN_005639D0,ARRAY_GET,28,112;124,23,c7446273cf1454153d9b9076b2a71d974da4fd9a17ba457eb3f0b9147265bfb7
FUN_00563E60,ARRAY_GET,28,112;124,23,c7446273cf1454153d9b9076b2a71d974da4fd9a17ba457eb3f0b9147265bfb7
FUN_00565DB0,ARRAY_GET,28,112;124,23,c7446273cf1454153d9b9076b2a71d974da4fd9a17ba457eb3f0b9147265bfb7
FUN_0057B240,LOAD,19,4;4;4,14,3a868ddb821c69412c98186757549c072028953fa659144b891dbd29656d8e84
FUN_0057DF60,STORE,60,864;328;4,23,52a3f03341f4fee5081c5a047ebbdd3d3b9d5808ab6a2f464996105473b08b04
FUN_0058AC10,ADD,18,32;8;20425308,17,44351e4ea08246975aca6678df5cf3d5e06cc760d0136d76e1a2690694856a4a
FUN_0058FEB0,STORE,60,888;196;4,23,a09c9cec2dab4338a46697097a4b03508f5c23cac16e411be0d0fb5105e2bfd4
FUN_005906E0,ARRAY_SET,23,1000;1012,28,0991a72e41712651a467255035873fb53cd2da2b20a9b794d6c08b2724de5139
FUN_00593500,ARRAY_SET,23,1204;1216,28,01e5593f0fbb7eebbdcdf11f23c3ab9db11f7d6ab4ddd61af51782636b25f74b
FUN_00594BF0,ARRAY_SET,23,16;28,22,befcf14a9986d6293fc161db6536259b740e764ccf61a30ccd8a694677e0b570
FUN_00594CA0,ARRAY_SET,23,16;28,22,befcf14a9986d6293fc161db6536259b740e764ccf61a30ccd8a694677e0b570
FUN_005B0A10,ARRAY_SET,23,1300;1312,28,2209449f61536e3150dac30efaffa80678172b1c97277cd9968cd42069fa7736
FUN_005B0AF0,ARRAY_SET,23,1320;1332,28,08b7ce9afcde544cda20bde6cc5dd9c9f9661e7a450d8d1d9465c7711c72572f
FUN_005BFE20,ADD,18,280;8;20425308,20,b5ad07557d33f7988020f8107cb20dce2301f2e61978f305798d819de2a5c09e
FUN_005BFE40,ADD,18,8;8;20425308,17,b07e06f26f357e5ccfeecbcab63d7c46adcbd7634c1fa00b54b7b9376a3feeb1
FUN_005BFF50,ARRAY_GET,28,868;880,29,1f4e64e87a0198ad18cdcddc5b459569602f2e694c7ca4b07757703ede345cff
FUN_005D29E0,LOAD,19,12;20;4,14,22ba3cb1c23cb7d7219036f3bfcb9d3ceacf39bebdff1b5e115f137e0af6139b
FUN_005DE6E0,ADD,18,116;8;20425308,17,7daaa43fb210eec152fab39a8ac21ad7204357554014d0cebb21b5fce65b260f
FUN_005EB5C0,LOAD,40,868;136;4,18,14a6c5ce6889362dbec832550f06d55bcef61f84e84f874d2a483b6dd38bbbb3
FUN_005EB620,LOAD,40,868;100;4,15,39978990e5abdd880682d92ea52a94c635375f176c12aa3a59fa0d6e193a157d
FUN_005EB6A0,LOAD,40,868;120;4,15,634b4ead17073278b49062697cd519a2c5e79ed7b9367a80760b5305bb4914bc
FUN_005F1600,LOAD,40,852;100;4,15,0bf67b0ffa71773d3a3ebd56cc2ef429336808be11d998160b45e28fadb7a823
FUN_005F8660,ADD,18,4;8;20425308,17,e4fa6addca2b8e49c4749e9a59679c50d6310b1a64796d6e6319988e7921e9a9
FUN_00601DA0,ADD,18,28;8;20425308,17,84ce2353f04ef1fa257d58b3f1316e058169b511d3ab2b9c4cd3e7df7d7bf5fa
FUN_0060CEA0,ARRAY_SET,23,16;28,22,befcf14a9986d6293fc161db6536259b740e764ccf61a30ccd8a694677e0b570
FUN_0060CF50,ARRAY_SET,23,16;28,22,befcf14a9986d6293fc161db6536259b740e764ccf61a30ccd8a694677e0b570
FUN_0060D2A0,ARRAY_GET,28,64;68,23,dbca4a9ff8dd1a95e3380e944fa7755d94a4ffd22693fae625a9010b8081918d
FUN_0062CB20,ARRAY_GET,28,864;876,29,9a34972590b0b8dfde6a50ade7d7e3e92c68b287109ee1dfa6f11d5c407861e7
FUN_00650980,ADD,18,37528;8;20425308,20,a69ec7ad8eae5f02b65e240814f2dbeb873a8dfef4b2bff86d24610d23a6e3d4
FUN_0067C160,LOAD,19,6692;4;4,17,b6eafa8f9bb4dbf8dd8a999a73cea342138914e3f3f2d8d279abe4be0be025e6
FUN_0067C1A0,STORE,39,6692;16;1,20,d397b753b8cb47995a9765fbd0f9cdcf7b7f233b6aface5d752351d3a9a02752
FUN_0067C1E0,STORE,39,6692;17;1,20,640251f2ce8c201e27f7678198fdd8e4d36d67d0aea4aaac07cd391bdcc6ef30
FUN_0067C220,STORE,39,6692;18;1,20,99050d54e0c7832f3c6ed0bf35cf3ee3d5d5178dcfa9960830e5b74107f31c06
FUN_006A9B00,STORE,39,7196;7488;1,23,6f1d53d56ea24c450a69f10e7c28ff29ef97ca70a0989ba4b108144d992943f7
FUN_0078FAC0,STORE,60,7192;696;4,23,a18e43d1c361660e2b292ca3d9109aded3f19662c034aa4dac195e19508576cf
FUN_00793C70,STORE,60,7192;696;4,23,a18e43d1c361660e2b292ca3d9109aded3f19662c034aa4dac195e19508576cf
FUN_007974E0,STORE,60,7192;696;4,23,a18e43d1c361660e2b292ca3d9109aded3f19662c034aa4dac195e19508576cf
FUN_0089EDA0,STORE,39,104;56;1,17,79a690320fe514053e39922c9be8163ea1cde16bfc6359d1f979ed7be7e47a8a
FUN_0093EBD0,LOAD,19,7180;4;4,17,581616894746da22974a509f3c612c3fcf6bc98923cc0623e18a2189dcef217b
FUN_009ABC20,ADD,18,4100;8;20425308,20,b141243e2d4b4105563709bdcdb7f0f0f3c1541b58a493167d37f5bfe9bacc74
FUN_00A32BF0,ARRAY_GET,28,60;56,23,6fc2a1be46f9aa971567dd6e81d9ab6d4efe59ecf6f25b2ccb40851416eac95b
FUN_00A3A370,ARRAY_SET,23,32;44,22,3b85c73703a3c3cb648773d644e388f084520313cceb4dffa7271fd593f80a86
FUN_00AC7CF0,ADD,18,208;16;23409008,20,97c63aee9fe69cbf639a638f848f5600f8548f5c97ccb12f12dcafa6dcd58a38
FUN_00AD1890,ADD,18,40;8;20425308,17,c1720b140edf49498794630a84a1f413411ab847d665136f54a58bb1804b4ef8
FUN_00B5FED0,ARRAY_GET,28,12;24,23,8173e7695b0cf749abc10274e84cfb35f8c620bf17cb987a7ab26b4de963fa29
FUN_00BA7050,ARRAY_SET,23,108;120,22,faf3d4805d770308eb2ff38c1b067b3774e67db6964f88ac0ecd2d2bd1d68925
FUN_00CF5AA0,LOAD,19,12;8;4,14,e748c1008614389d9e76e9eb77d6a86d9d39d8d6510d72ceed3065937fa3fe65
FUN_00D30230,LOAD,64,96;6;2,15,ead76501adf26d63f81b0be4313252823196d9afaec4b29bebaf687c002b8b5d
FUN_00D30A60,LOAD,19,36;32;4,14,31f7589e3f0dac7eb9c1128bc23d44c58ff85a0dcfefc5e4213fd56b7d15a52d
FUN_00D42A40,ADD,18,80;8;20425308,17,89322a851eef27683a807bb2bc7dade80906816688383ef53acbec8e817c0974
FUN_00D6E400,ADD,18,56;8;20425308,17,82ba735dbee08d025507bc6f551bd5d0eba0717ffbba0f6ec3e57ed8ba9298b1
FUN_00D86430,LOAD,40,8;124;4,12,0f2f84cc7484507dfa8ed04343525dfde5b4b5d7ad624f5644ffd49404acb58c
FUN_00D97A30,STORE,60,56;36;4,17,338203dec7e3b9b04649046868e942b7bde152a0504c4388d57f454ffc01d62c
FUN_00D97A60,STORE,39,56;40;1,17,de1895003d70bf30f1af71c632c18992d87f914408072c2221dde95dd85ee43c
FUN_00DE8500,ADD,18,24;8;20425308,17,e7b829d7f7fd4e3ab3d40277d21f959cac9e247601c51d404ddee2a6e81cc0bf
FUN_00DE94F0,ADD,18,72;8;20425308,17,f3ce137cda7f1ba95f1fb5a9102ce5b2f718dde8b22034e36d996e511a88bd4b
FUN_00DFE140,LOAD,19,228;16;4,17,d44aad28c7c20d59bb8a61edffec4f304ba6eae32fb0a6a268efab012cca3380
FUN_00E029B0,ARRAY_SET,23,4;16,22,b7e50e30a8fa8d86b118d142d33a8327dfd128d91dc1f0dfb046df750e4e31ad
FUN_00FBE730,LOAD,19,96;40;4,14,f40659c330e030459ed5d5eb19fb7cad790f6cab7a200ff8728bac4f6c33df58
FUN_0102B0B0,LOAD,19,932;5156;4,20,20c48aefa07636e7b31708693dd7ec29a0aa6f58ac2c85434d0f49500950d740
FUN_0102B0D0,LOAD,19,932;108;4,17,c798a0931e14b52404c8d1125fa9b28a16c921c35a64c7ee3e0af94987e2f031
FUN_0102B1A0,LOAD,64,944;432;2,21,2d3cd0bf097f25b10fd4647933cfc7d0e84326cbef18c021727063136ae328a0
FUN_0102B1C0,LOAD,64,944;472;2,21,a711da42488ef1da40d0a808659853c2e974742837c4201e5c94bf89104ddcb4
FUN_0102B200,LOAD,64,944;474;2,21,3e3787c2f01c393c306ffa9fe50cde8ac15ebd594b504db24abad7bdcbed4b4a
FUN_0102B2A0,NEST,20,932;936;108;128;84;1;255;3,47,ec6d6bb69dbad5a2fb337ebd57dca45e3837a96c40d372672d32e489af0b1388
FUN_0102B310,NEST,20,932;936;108;128;87;1;255;1,47,f3e5c53ba37e4615267b9abc2156d0c647065f8f46eb4006c217be1c6fb7a62a
FUN_0102B4B0,NEST,38,932;936;108;128;192;4;15;255,52,a99de1db489b2ee25aa042acfa4312cb30db849e543f531f8d5ddcee8157b6b0
FUN_0102B5E0,NEST,38,932;936;108;128;568;4;15;3,52,0c58d5988810f5b67a82312db1601ee2cceafeb9821d1398fe54e81b73434c27
FUN_0102BAD0,NEST,20,932;936;108;128;376;1;255;9,50,34631931a622a7a4707d40146a0a08a4c801d38ebb6d816fb51327a28baccc01
FUN_0102BB10,NEST,20,932;936;108;128;377;1;255;16,50,db5ade24221efa19976167c9e562ffe741fc29981003ea215019f01d98beacd2
FUN_0102BB50,NEST,21,932;936;108;128;378;1;255;0,47,32683a6aa42673842472815f27fd05990195afd0ed5891e25d20923ac3c0a9a7
FUN_0102BE50,NEST,20,932;936;108;128;428;1;255;5,50,3efd53cbc215f72c3ce42a5e60577388026a380aa7e7c1f386363d6d86ac776d
FUN_0102BE90,NEST,21,932;936;108;128;429;1;255;0,47,a6627da0dd5689d0539574889a0b1bc850502d804b1b71131ea32210919bf41a
FUN_0102C0E0,NEST,38,932;936;108;128;528;4;15;255,52,b6c38d7e06910b4c1dbeac8c14b2dc5629f0af53a6010986bc710749b8f45dbc
FUN_0102C210,NEST,20,932;936;108;128;536;1;255;4,50,81d4e69c8831022551cadb96d1720a4490160de36afd9cfeb0fb4e7631ffb4bd
FUN_0102C250,NEST,21,932;936;108;128;537;1;255;0,47,a6f60a94b9a584f9febc37e633d8d9029d45870895649635566f7b078b4a7d10
FUN_01031610,NEST,20,932;936;108;128;1536;1;255;19,50,62345cf0823a52c9f00ab3284851dc06092417fdaa54755c6ee02f03c6ca7234
FUN_01031650,NEST,20,932;936;108;128;1537;1;255;255,50,29560c2b591e1f62579532ec6928f450bf88e03c0f7b6e08d3c4306ad79c6d16
FUN_01031690,NEST,20,932;936;108;128;1538;1;255;255,50,1c5053d0723de792d53fe8d53a05c24b454cbbb4d04c4bf3aff45838169e37c6
FUN_01031980,NEST,21,932;936;108;128;1576;1;255;0,47,f9654b085d86817e806628a62746b861ad1406bffc620bfabcaaa506b7318824
FUN_01031C30,NEST,21,932;936;108;128;1539;1;255;0,47,11a4bdd9a1e09e6b278e150f7327316ba69d3fd1ed4b0d0dabe8089996d7add7
FUN_01031E40,NEST,38,932;936;108;128;1664;4;15;255,52,8485e0c20e97f3e5ad9b34604c0e88b73c4f08e53adc9bdf731f0e864b6aaf6b
FUN_01032110,NEST,20,932;936;108;128;1744;1;255;9,50,6536918100ad197883b25657084dc688e44a91c6f7fa252670f9a5bf83b42d70
FUN_01032650,NEST,21,932;936;108;128;1808;1;255;0,47,5fd988355d6a603d8d2a302a48f67244997d3ddd92013c8360310faf10eb4c86
FUN_01032740,NEST,21,932;936;108;128;1811;1;255;0,47,9be38ba5087db91280f7328fc6faddc174c48493b5b0532b0648cbd6bed81bb7
FUN_010327A0,NEST,38,932;936;108;128;1820;4;15;255,52,ca2a75890dceeffa519ca7ea838fbce080fc6add5ba6d3254cdf456482ca5dcf
FUN_01033040,NEST,21,932;936;108;128;2017;1;255;0,47,7550597b4abf55bce425c2ada60c1369008df9a555ae6dfc432f85ec76ea2759
FUN_01033230,NEST,21,932;936;108;128;2053;1;255;0,47,a72a7f5231f149f25b0bf81bb55fe1aa5e15ec84a97517e029f3dd9b9da9d84a
FUN_01034010,NEST,21,932;936;108;128;2355;1;255;0,47,226025b30c68e726bce189b433f64693595baac49b3add5a7edae8ba158b68d8
FUN_01034340,NEST,20,932;936;108;128;2365;1;255;255,50,593c9a71528ef1b0d48c55db38c40d3a107691be95a5b0ff7ede4730e5faa155
FUN_01034380,NEST,20,932;936;108;128;2366;1;255;255,50,734d95506d836393a9269c9c40c1bc3ded3199e328d800041143c79bb500e6a7
FUN_010343C0,NEST,21,932;936;108;128;2367;1;255;0,47,6aa32f8c7f817da200ac31e92e84bdf79eeaa20129287a64c949d578faa33a47
FUN_01034760,NEST,38,932;936;108;128;2464;4;15;2,52,3e877c765ea69c16d54767a03ff22970b0677353b5840e1efdcefff015d13bf6
FUN_01034B60,NEST,20,932;936;108;128;1812;1;255;3,50,fd79b84a6f222eff4f7d45d9126c894e457bef739d42b51d6c800317b07f0ffd
FUN_01034BA0,NEST,21,932;936;108;128;1813;1;255;0,47,6c29e937a6e3f6a7b653b9a17840ed0d7f40611570b93c9c2e47a7f27aad82ce
FUN_01035000,NEST,21,932;936;108;128;2640;1;255;0,47,0ab495e369f11ba7f75170c648704e3f80c44871950517094c014d2593d509e7
FUN_010354C0,NEST,21,932;936;108;128;2845;1;255;0,47,4f33c154f372e7d3d09e6241041b573192583bd33c5bcd661d90dfe5937f8b66
FUN_010439D0,NEST,20,932;936;108;128;7920;1;255;5,50,68fab7b13ab3276b32a92e4606160c97b898bbfed9d0db9a437b302dabadbd35
FUN_01043F70,NEST,20,932;936;108;128;8232;1;255;7,50,ec75ca1734cb99bd2ae0fa4591bd7b0914976584e547f86b76835d5227679130
FUN_01044360,NEST,21,932;936;108;128;8305;1;255;0,47,798897c733a4fa3a8621311a9971f6c365cb26cb20cd151bc576fd860d70b389
FUN_01044500,NEST,38,932;936;108;128;8336;4;15;255,52,1ce5a44240d03c7802fc4568f051b40c3903074b990b118f02dd2f997db10d9d
FUN_01044600,NEST,20,932;936;108;128;8338;1;255;16,50,362dc71e9a19c8001b6331be60a9b15df9c8102431ecd600dbf9962cad0c3c3e
FUN_01044640,NEST,20,932;936;108;128;8339;1;255;16,50,89c30b981b4b962986613fc368fcff3e9ef6e627ac358d8916a71b5b2c468f60
FUN_010447F0,NEST,20,932;936;108;128;8364;1;255;3,50,0150ef7b2dedcb93efc8f726372899a54c90ae3f4e0696ba698a8fd396c41ec1
FUN_01044830,NEST,21,932;936;108;128;8365;1;255;0,47,28a151db5d72e6d569602b60281814d420ff6e4b3277f7548ea714aea57f88cb
FUN_01044A80,NEST,20,932;936;108;128;8416;1;255;5,50,52832c4eab2ef3874ca85e6e337e73f41959af671fd7751f5ba86febc620fd4c
FUN_01044AC0,NEST,21,932;936;108;128;8417;1;255;0,47,55ef24d3b27e8045bf54fb41577c53270c816dfefe7bd7522d0d5fa38d91e396
FUN_01044B50,NEST,21,932;936;108;128;8424;1;255;0,47,0c6a6c5ee620cb79dab4cff675ab3b235bfbf25fbd780d7e34d647d78621c288
FUN_01044BB0,NEST,38,932;936;108;128;8432;4;15;255,52,230aa719e72fc7897aa212b9f88e741092f894236e7c710200485d27ed9da6b8
FUN_0106C840,ADD,18,96;8;20425308,17,592f22c74dfdf7a79937714473056fb66c41bd465388a69b80ad9f04b09a2972
FUN_01077570,LOAD,19,896;108;4,17,ed54c07421bef42b80747bb187e72325757fdb8d252cd982c0c7ea99a7ac507d
FUN_0109D090,LOAD,19,912;108;4,17,1dbf658f35b98aa5c49d0d2c976ffcd496d0c359e98e20f27a12e236f20963f9
FUN_0109D140,LOAD,64,924;128;2,21,4244c93a2320bd55fd83938fc6b4f231be41eb871d315274d658f44fba4e6b15
FUN_0109D200,NEST,20,912;916;108;152;76;1;255;2,47,73bcb64a6ad9c5c0d1fcdd9ee9d0dd30e34c4e481aaaa364603c5538acc85b91
FUN_0109D590,NEST,20,912;916;108;152;148;1;255;4,50,98cf0af8fbd5a931a4fb07842da6e2c2cee50938a0b2860ebf42da3cf52c2af2
FUN_0109D5D0,NEST,20,912;916;108;152;149;1;255;16,50,37db32a45dac1a35ce56ef6ee5d81df794d391b2d9fa433a431c6fdba0bf4568
FUN_0109D610,NEST,21,912;916;108;152;150;1;255;0,47,477d69c84f9e474cf72234f5e4f20319504439f2124e3af611f8132fa1b94f61
FUN_0109E920,NEST,38,912;916;108;152;432;4;15;255,52,c7d1be53cd3f12f2d990aa0a2f3d4aa7440af9269e62328cf5a2fd30582fa959
FUN_0109EA10,NEST,38,912;916;108;152;440;4;15;255,52,07f5e3ba2d00cbb343a1f66a375ccf602b8f351fa64680aa2324757ee0d0721a
FUN_0109EC90,NEST,21,912;916;108;152;472;1;255;0,47,63305d9d1cb1001b01b6ff623a16a9ab87fa44c7cdfd7d2987c17ec5881eaa2e
FUN_0109F180,NEST,21,912;916;108;152;580;1;255;0,47,b92c7c2fd8af9018a47018c8ec615cc83a2dc7f2c36ca40f4d349fe267f26914
FUN_0109F270,NEST,21,912;916;108;152;583;1;255;0,47,f95138492572b54b60ea1f70e380e8a4221b2cedced268447070e41b7f254139
FUN_0109F320,NEST,21,912;916;108;152;585;1;255;0,47,db92d9d8473b18aa9f265aaa35afd791cb1aabeea9a125e6150ec66898559be6
FUN_010A16F0,NEST,20,912;916;108;152;1760;1;255;5,50,228e02b63eb02c35130e2f45bf232445957a7b46da46be7a6a961dbcd49c2ab9
FUN_010A1C90,NEST,20,912;916;108;152;2016;1;255;3,50,8f5d569d6d03cc151193f9bb048d585b698bfd9572c2100719998d858ca863d0
FUN_010A1CD0,NEST,20,912;916;108;152;2017;1;255;255,50,d749ed12f41d964c9f62282d486fcc63ddea120706e71e0e8d4fe02e429a0ce7
FUN_010B6880,ADD,18,160;8;20425308,20,526df229ecd21b457e1ff2c45ba7f4b7b74dd8cb65d97bbf992251b1725af61c
FUN_010B68A0,ADD,18,164;8;20425308,20,119c06e003114926d2b504e0300cfc1d836966f883fb84ba92d95f96a8cc3d78
FUN_010B68C0,ADD,18,168;8;20425308,20,de661f561d46ee0b11f89142abb131c92278426cb2d6e9f83b18196b32d4f4b1
FUN_010B68E0,ADD,18,172;8;20425308,20,0001edfb051c54ee73624a51011c94b880d1c989e3fca7167a6d3a52255814aa
FUN_010B6900,ADD,18,176;8;20425308,20,24a1933068bb762df022f62f4a5140dfe9b496501a9df6e2880aefa4a4b1e2bc
FUN_010B6920,ADD,18,180;8;20425308,20,e122e90c6391814fd97ce8b2a3a419fb2957baff97aaac5811a4c90df13f9a22
FUN_010B6D70,LOAD,40,852;28;4,15,f03b0bd126934a87400337cae758e52484fef136f654b096b3af2d4278b9255c
FUN_010CC920,LOAD,19,680;8;4,17,95df8e70d4a3d8afb17ca5abf11080d52a4dbc9edd5507b01658fe92078d798e
FUN_010D4380,LOAD,19,8;112;4,14,0a7646e29695b4f5ef5a903b5b3020ccd1cd5d148192442c523a48a5d02519f6
FUN_010D4390,LOAD,19,8;116;4,14,2fe140932e3ecc20f758c51214c0f6b1ac0083d65aae078c4be3983ea1d86015
FUN_01129740,LOAD,19,96;16;4,14,233c7f88419d87fed0d1c563079d87ab933f51700c12fd967832721aece7217c
FUN_01129750,LOAD,19,96;20;4,14,724ccafcb181bc05ca1c2a052539a3e8fdbd47b3dda6a0db497f0800a818a7e1
FUN_0112D340,STORE,39,860;658;1,23,fbab75b71e09af8f8af010e0b0c75b60b5a4710b83c347a193a9dc43b8d3241e
FUN_01151FE0,LOAD,19,872;100;4,17,3b13da35b176cd20c36d0b36d1abe89cc17f758d0f282dd686b144f3b4173db1
FUN_01152000,LOAD,19,872;112;4,17,891886494673901a4b261dde4d178f7010fb3a0a07a220fc98efa47964ad2816
FUN_01152020,LOAD,19,872;116;4,17,ddedcd79d5b3d71502d76e27d270b77f8459d776e247b07e8ea4df2545445973
FUN_01169620,LOAD,19,892;96;4,17,aacf039071753c61a42a8df78fe52965a1ad2d765783d502143d20641f63a1e7
FUN_01169640,LOAD,19,892;2856;4,20,bd0ef42509e03cfc728b2d4ba2645f146c659d387ec431f59c05f90f618081ef
FUN_01169660,LOAD,19,896;104;4,17,7800598be43c445d2a578d37feeb073f1f340bd3c17eb7f6abb9e379dd829e0c
FUN_01169680,LOAD,19,896;96;4,17,50bd5994e94a75df018ceb978af5430f6301d4607daf9d683f89932d4ef8845e
FUN_01169ED0,LOAD,64,1016;248;2,21,79427c1f38230666cee7bffa7644e82b5dd48b13432f22d949481230e569e445
FUN_011835E0,LOAD,19,848;96;4,17,d1ffd030fe502704951870b65485792c4eac258fa9d129337fca89bf79c1db1d
FUN_011FA6C0,ADD,18,592;8;20425308,20,ac9ac41178aa7b8846da2235a065062119f460ce02a15da42ec998e43e4d3c78
FUN_011FED80,ADD,18,124;8;20425308,17,cf0baf94787f97b4ee0e0e3ad5389d666121af71c76456d85eca8d1ca126c878
FUN_01230870,ADD,18,44;8;20425308,17,167574f75a8d527710cd8b36d0739719e7dbf136a69ae6186942dfeb8d122128
FUN_012423D0,ADD,18,3660;8;20425308,20,274746c08cb9dc91cd1a4d3c23d6fc2f37169a19c2885795c0f29c476966fe7d
FUN_01242400,ADD,18,16;8;20425308,17,12e78f50166b678d4772fc0e53271dbfb21042a325fcae395aa53569069e118b
