symbol,sha256
FUN_0041D870,fdc5337a1032eaf954e6d8bfe0938dc78adab126981f3f71d19258561075ad5d
FUN_0041D8C0,1c26bcb8a0428beeb42ba707331c982e40f4a6029ba526c2eae27eff52efa228
FUN_00464EB0,b555ddb6051d3f42305ccc9183231e918dfc880c021e3cd8e0f1ba6f436943e5
FUN_004D8DA0,b0bcb0fd4c356c5f6c6e6311b838d8ccd2a2e7dc75aab6a1d881c4ebd68923c9
FUN_004E1770,b63de8383717d108d60c50fd09658dc2bd1a67fa39535f3ddab25d2c9b643cff
FUN_004E18B0,c61aca4d599385b37ae5b113f1c9e294fde4a1725b615e1206ed065c4cc3d8a1
FUN_005319E0,f78bda60c7b412df47e67a64c0ec48aea31f95c82ec93453a15dbf1cba89f8ab
FUN_005394E0,830659b5ec3976123bb82a781fd8df40dcaa7deded356441da39c7e5a3ce0f0c
FUN_00539540,8c9f3a6609dce1dc701ebafbec3207f76fe4b21064a050d2b3727c9c1ad81e19
FUN_00539590,657b87943c851a210fcccdf4d7736df647260742077c2dcd31789f3a312e32b8
FUN_00539660,1679767cb0784c2bf817ce0ba4e043a523aba54a5a7f97f1abe82070e43e3902
FUN_005396B0,ae8c55c4d18669db5dda7a144e74dc271def68768f487f04cc6fb1c51bc8066d
FUN_0053BFA0,830659b5ec3976123bb82a781fd8df40dcaa7deded356441da39c7e5a3ce0f0c
FUN_0053C020,b63de8383717d108d60c50fd09658dc2bd1a67fa39535f3ddab25d2c9b643cff
FUN_0053CCB0,b314cafdde4d0e0c3c49f958f0b5b5b24be6d3f55f7a1cb467356d66c6df22fe
FUN_00548660,c61aca4d599385b37ae5b113f1c9e294fde4a1725b615e1206ed065c4cc3d8a1
FUN_00564FC0,e8ce5efda04afa8dc24ca1092b3c56f32fa9daee4026ee9672bebd770d5e1005
FUN_00564FE0,d62731a04a83263c0490899aa05f9629637041d752ab818ba9719fb204e10cfe
FUN_0057D810,56138657fe7ab015098cc2921e0492ecea64a7c58277009d789cc6764685ab2d
FUN_00590700,5dd49fd5f58d9f737cdf2282f2b1642158222e5ff6f3eb7b92fdbadc6b051c85
FUN_00593560,58db1d317de4af0cbeefb50ba4da1fcb2884e73180f3607bb9286dd4a5364db6
FUN_00594C10,830659b5ec3976123bb82a781fd8df40dcaa7deded356441da39c7e5a3ce0f0c
FUN_00594CC0,830659b5ec3976123bb82a781fd8df40dcaa7deded356441da39c7e5a3ce0f0c
FUN_005B0A30,9f4be5df7ae371f417c12ef98216e5a18276846603b85127502f0c2ef31d1338
FUN_005B0B10,904b32ce585f44fc8ecbf88c561da67623132a98566f654926a32535a843647f
FUN_005E1150,b6c92f52dfe08d6c11c538c85d1560a11ed475e7cc8b03c8b9f0a5d3ce1d86e5
FUN_005F1790,9f942c0b7d01e46436e9f1822bbe26c936f8a949e7eb3826d331a1305ff6f50e
FUN_0060CEC0,830659b5ec3976123bb82a781fd8df40dcaa7deded356441da39c7e5a3ce0f0c
FUN_0060CF70,830659b5ec3976123bb82a781fd8df40dcaa7deded356441da39c7e5a3ce0f0c
FUN_00653DA0,915a4c019e8ea95d41b86bd2598078da83817ee61caf925ed779338f37831384
FUN_00653DD0,c7d30d727b95bfef847104ec35d9ee1f7c108558785cf61c44568203c57732df
FUN_0065FBB0,cd72d32d53d6f398646103c1e96c3eff8fddac00074e90933c23463ff5fd7180
FUN_0065FBD0,4d7e625588607559cf0f4228bc5bf4e15bfba92405041556f1bc57c1937e304b
FUN_00730A90,a045be229a68638d0caf87f1f5385b512d5afb6208ca87a2c66b64cc0c9fe278
FUN_008A7720,08c59c82909638548c408762f35c56ee0c783d10ced3e13bb73b628debba000a
FUN_008E6FE0,04377e58808f18cab583cb7f0b0118593104cc707dbba96081f6429569c00c36
FUN_00962E40,2b665afc8925f72487678092477ff8ac21124e2695ff6fed1e14e689567c5b54
FUN_009AC6D0,cd72d32d53d6f398646103c1e96c3eff8fddac00074e90933c23463ff5fd7180
FUN_009AC6F0,4d7e625588607559cf0f4228bc5bf4e15bfba92405041556f1bc57c1937e304b
FUN_00A3A300,b63de8383717d108d60c50fd09658dc2bd1a67fa39535f3ddab25d2c9b643cff
FUN_00A3A350,1c25bad1da4aa71de960f9f7f632eb08c87d1cc8699930d74d29fd35e31a0289
FUN_00A3A390,50aef0b361f9b8d19fb0fc997028a567ca1ec5ccdd9b45427ed7ded95e1581be
FUN_00A3A3B0,50ea3980c175177f7ee68cff55b92b32469ecd9584e79b817db23c97ebd9b5e2
FUN_00A3A400,b63de8383717d108d60c50fd09658dc2bd1a67fa39535f3ddab25d2c9b643cff
FUN_00A3A450,1c25bad1da4aa71de960f9f7f632eb08c87d1cc8699930d74d29fd35e31a0289
FUN_00A3E210,8c9f3a6609dce1dc701ebafbec3207f76fe4b21064a050d2b3727c9c1ad81e19
FUN_00A3E290,657b87943c851a210fcccdf4d7736df647260742077c2dcd31789f3a312e32b8
FUN_00A505E0,8c9f3a6609dce1dc701ebafbec3207f76fe4b21064a050d2b3727c9c1ad81e19
FUN_00B94110,14137b7373fcee0538f793a6ca76eaa8632936ce2f46f8cb515aa19dd04582ed
FUN_00B94140,233f3e643d7884844b88c84fd469bd363a666020b90e6c04157746f49781d683
FUN_00B94170,21aea36a11e2d4fd2dc9ca1ccc32094d5adce83a93e28e8dfe03241a3cacdfad
FUN_00BA7030,9ad59f1f33de1fcfa902f493693f1b056a10f77822788d266b71b4f8921331f4
FUN_00D30A40,cb45e120b9202984eb393a00f096a230b3d07fc68381f0c11f5e42a0e926a755
FUN_00D9B8D0,1f06e5930c46fc12a7cc23f8e816c61fb2e774b3f5f3f89f8649618afc5b74a5
FUN_00D9B900,ef759f8ec56f877e20bc0b7aa66ddc59bbde83fc0fead685e6c3039d8c48a753
FUN_00D9B930,012a2cd8e330378bed44a8a3096a8967b64f2862536a45d609b7f1955285d23a
FUN_00D9B960,2d183a775b1dcc753f49b4f684683bf30c94881910c6bed20300d434f134c18a
FUN_00D9B9C0,33025bb22f2aa1c39ceb5401fcf7dd5894bd2982b46121e6f485f55d1c148224
FUN_00D9B9F0,b3344a848538ad3e35489e868f5cbc66b037edc2138d4e069045a199698526ab
FUN_00D9BA20,2bc81750db0d8fc46a5647edfc7b2744cd63f265ee20e1f5b3f3211e9103d69e
FUN_00D9BA50,7092dd7597cea8720cd0d943efdda8183dd316523d979424cce2df7853ba9a31
FUN_00D9FDD0,6e2e50f88955ee1c9c1cbfe96327e877d50a928f5fb6e3cb8f9dcd87b29e00d8
FUN_00D9FDF0,0c3b93c11f92068dc2b268cd5c4f953b8dc435416a73d913dda5de2b8d4e53af
FUN_00D9FE10,0d6ae3f76badd33e5651a23f2a78f69c46895a93d29eda0d1ec1ce7a4fc955c3
FUN_00E00100,b3fdb54f5e9426fecbbc0b29541088dbbbb59d948fdb1b214bdfa5a41e792ddb
FUN_00EA2E40,4c019fc02dbff2155407011e236a8a98e91dfd023e161cbde948b8114c1796ec
FUN_00EA2ED0,71327721c3ad5356bdae8ad2b16c8c0f4b5c33889bdd44dcadf4c72c61c2492e
FUN_00EA2F20,137fdcbd24e4875dafc04f62812fdaa85cae07cb104e1be90ac443fed27aa0a1
FUN_00EA2F70,8df06b18ae90420928338a9a1fe4b83f3bda4ee808df133be29d3fd87f681d4c
FUN_00EA33C0,ae09ce638a03231b220cfb85ef119189bcae51aed218d7e38d8b43f2d932f85e
FUN_00F9CD40,2dd560721d70e4a624b55e704a0260c9fcaafd8db35746bed0569f534d4e9e94
FUN_010295D0,f38a8724246b5fd7d8eeb2253b78256cfac06a85c55c224d48a1a8c77dac2c9a
FUN_01029610,06cc798b38f3c9ffef0e8d2365cfb0b16a7bf67e36e2c91da42c134a6c8e4d7d
FUN_01029650,1b38fc730733ca754e5f05416d8b5c0d78307355010872e45706555221d34019
FUN_01029690,588c645b4148eadf5fa40b3320662f0a0e4ca0ff41a1267af1a1baf5f72edf96
FUN_0102B570,d3fc5ad693f3cbdaf9dc1dba58319984e3a9256cb42990b2f61518a004add09d
FUN_0102B7A0,45b8d18995bc4b56c81365f587a9c1a0a7360cd6190842d5dff77bbb61eb8a61
FUN_0102B7D0,41e0455f5dbc65c88afcb7bd747b362adcb6c12c2c06b2d4aa6cc9f2fda1b788
FUN_0102BBC0,09632f3a7f67174fdcc59a8a7691352797e8c2252460639aff1778e490aad330
FUN_0102BE20,8fdbf16f529e7506c337441b2cc7b8a2851d25ad85aaea565e048f9c27d066ee
FUN_0102C1A0,9a7aa657de22796121c655eaebab044be0f110cc88edb8ed4ab7f04029f25bf1
FUN_0102C340,7d0b3ff6e1a9182c3b7b804fb0e48a601a7e1426d1ac55125e70e1a2d141bc46
FUN_0102C370,897c25104aa2a09b3f78dc176db394ecbeee673b3a856a0fc765047d599e9d0c
FUN_01031790,48df7953340706907be1d0679d6b0cf66f13d8e5b40f820965f084c3620fe29b
FUN_010317C0,2b7139c1cd37f3e4813fb0fba74c829b40a8413386acde75fd1bd0761fd672ea
FUN_01031B80,a2deca9d4ac6a3d3a2f347cf678bf8d95445d565787f34078046f8abdf246e7e
FUN_01031EF0,0a46e4f30f2cf38a814d27363d6df46640af936f78e87ae916593259111e666e
FUN_01031F20,55121c698c383386a9ed725fa59d14866f8892506c89ec0c4c4a8807d4121816
FUN_01031F50,fb3abda628aa639915013728941cb203e17a502cb6c3f78522ac352d5d054691
FUN_01031FE0,d7aea04c684b053650aa5184434f385c874bec4bd5557d58f973d1e37e74dede
FUN_01032010,3f5227a5c72186971f8fdfa57de1e41f1b5a326d5386e50d5967df37bc8158ac
FUN_01032150,9474d5ead379e13235fd4d235146d76167c672e65cb068bd5639cb231adfa8cc
FUN_01033570,6bb552f8834db7824a14e5478ba56da82820a8c40f589bade9e9ba9a8a9c4393
FUN_010338E0,5b55f2c6e6175c04a4b7459c7955e47097e58048f11ef41ad5c8ab1c613ec359
FUN_01033910,0b4032fb05045ad1e46b75d327a8c69f519168473ae49a011c6f614288cdeef0
FUN_01033940,1c6a47f23f42235cfd55699fd406f190acaad20da53e9d646454b7cbb249f27e
FUN_01033970,2853a73b79a57e08ec9e273fc78037e50390526966e96d3e6b056eadc0070d4b
FUN_010339A0,5acc2dc63c5ee9c9d6f4cf669e0afd4aee54cdc7b634ef738da72d68bcdcb494
FUN_010339D0,56c25f98499001d527e6bcf77023d555ffe7b3c244da87bacc38348816700474
FUN_01033A00,e27e2c422447f0f199ca7fb67882902a7cbe794f9b61e7e2c679f9285376f9fc
FUN_01033A30,1284d769b289539fc78564b57d4bbe1286ff611e4777f2942c3625821bd03d2c
FUN_01033A60,f5123c98ef0c842a9c8ee5a7d67733a2a6d7909bfc86532a6dca42bb7f206b1b
FUN_01033E00,a1623dea2a1a5f008c3f0530cc1934f738108a68614d0a4f20a675b63a86a727
FUN_01033E30,5cd24560ed13fcf5f907e4c37d2e918f306a5b728ea0d6d1423b00313af9dcbb
FUN_010347A0,f0619b399da33ba65413ddf5b9b729e0fa06d8d3bc26627d123979c73efeb857
FUN_01035200,e4e12787a460ea40518c2ec983f2c48bcbea79926f8455de278d509bcdc0a84b
FUN_01035230,5f43dae1ef51c05106e94f456f019485e81e983ba5f2a1035080dd4ec05eedc7
FUN_01035290,2204a43e5baf3418c6b9a53d7f88570dbcbe167b61135ce6ad24e981bb142dbd
FUN_01043FB0,26cf2e4e43584f2ae3abdbcd5e324266b55fad44041eead941bd6adaba02a278
FUN_01044440,aced2efd26fce06ead5884713b22b2c16a7bc01326b88653c98dbf8a853148bb
FUN_01044470,5f134fa4f3306d49bcd0a4544e4ef1e05a171b3fa3bfb5c10a6fd00735b06a0c
FUN_010444A0,9c71bb45543ff23336418938f3fd354f1258c5d753b3704bd3dced107877d5f6
FUN_010444D0,4e52674384ccd95ad4bfe7a4d28ee06226927a8548a9d8bc99bdc766d7aebf21
FUN_01044730,1d74469689a942d191e4a877fd5e5b53e0d9ffe7f68173798c6f0399bc77b810
FUN_01044760,378bb3ab77d7d06c2a55f3860a7bba386b9386fd393f18868846013ac3c3c87c
FUN_0108AEB0,5d62669658fb59025e8d75f27ae2437f53856d0824233ecba2c4368c3b1e7953
FUN_0109D310,cecb8f1df902ee3e5d73354a793f863c220b9583302196541ccc55a68cd43fba
FUN_0109D340,d0dd78cbb8b62da475cd1f7c0168e47181079b4040c4b4d7c527dd0f0d132bb5
FUN_0109E8F0,eecbb17a0440462c2ada4ebdfacbdfa91bfa4b18cdc3dbcfa2b94a4f40f33837
FUN_0109E9E0,7c2e0a8eaf4985b7bbb670a27dcb46f43039a5b83f0c5e43db8822c741798268
FUN_0109EAD0,b082fa1e45484ed7acf07e50206410d8d45eb7a5e9d63512334dc818a7478bcb
FUN_0109ED00,71ee596beebe2d9343fc7c478ef08a61d0ef65c80a25dde4b0393174b0e8f493
FUN_0109F090,399538cad395965e517930f55761ccb6207dbc1c46fec0ce604b0f5196be9a37
FUN_0109F0C0,0fe2eedf49be99b3f5899195c9e6ef647bc2c3c19be0debd29002f5046bacfc4
FUN_0109F0F0,9cb2883322d2b30e2d2fedd930b571006b87326635085324bf30b7f9695a6d16
FUN_01116E00,f1fef7808b0e8ffbe90251f3a96a59288bb724b5aff84323bf4ba9849307d655
FUN_01210EB0,44a3de2175cef6b422a00a57d8733b00312aa89ff674246fb7d03e0306b2cb7d
